page,line,word_count
1,1,2
1,2,5
1,3,5
1,4,7
1,5,6
1,6,6
1,7,4
1,8,3
2,1,2
2,2,1
2,3,10
2,4,7
2,5,8
2,6,9
2,7,7
2,8,3
3,1,9
3,2,11
3,3,9
3,4,10
3,5,8
3,6,10
3,7,10
3,8,9
3,9,10
3,10,11
3,11,10
3,12,10
3,13,9
3,14,8
3,15,8
4,1,9
4,2,10
4,3,11
4,4,9
4,5,10
4,6,12
4,7,11
4,8,9
4,9,9
4,10,9
4,11,11
4,12,10
4,13,9
4,14,10
4,15,9
5,1,8
5,2,10
5,3,13
5,4,9
5,5,11
5,6,9
5,7,9
5,8,10
5,9,9
5,10,11
5,11,8
5,12,7
5,13,9
5,14,10
5,15,10
6,1,10
6,2,9
6,3,11
6,4,9
6,5,9
6,6,12
6,7,10
6,8,10
6,9,9
6,10,9
6,11,10
6,12,10
6,13,10
6,14,12
6,15,13
7,1,11
7,2,10
7,3,10
7,4,9
7,5,8
7,6,12
7,7,9
7,8,8
7,9,9
7,10,9
7,11,9
7,12,10
7,13,9
7,14,12
7,15,11
8,1,8
8,2,8
8,3,9
8,4,9
8,5,9
8,6,10
8,7,8
8,8,8
8,9,8
8,10,11
8,11,11
8,12,8
8,13,7
8,14,10
8,15,9
9,1,10
9,2,9
9,3,7
9,4,10
9,5,9
9,6,8
9,7,11
9,8,10
9,9,11
9,10,9
9,11,8
9,12,11
9,13,7
9,14,9
9,15,10
10,1,7
10,2,9
10,3,10
10,4,8
10,5,10
10,6,10
10,7,9
10,8,9
10,9,9
10,10,11
10,11,11
10,12,15
10,13,10
10,14,12
10,15,8
11,1,13
11,2,12
11,3,11
11,4,10
11,5,11
11,6,9
11,7,10
11,8,11
11,9,12
11,10,12
11,11,10
11,12,9
11,13,9
11,14,9
11,15,10
12,1,10
12,2,9
12,3,8
12,4,11
12,5,9
12,6,10
12,7,11
12,8,10
12,9,8
12,10,7
12,11,9
12,12,9
12,13,6
12,14,7
12,15,7
13,1,8
13,2,8
13,3,7
13,4,7
13,5,7
13,6,6
13,7,10
13,8,11
13,9,9
13,10,10
13,11,8
13,12,9
13,13,10
13,14,7
13,15,11
14,1,10
14,2,8
14,3,10
14,4,8
14,5,13
14,6,8
14,7,11
14,8,8
14,9,12
14,10,7
14,11,8
14,12,7
14,13,8
14,14,7
14,15,8
15,1,10
15,2,8
15,3,10
15,4,8
15,5,11
15,6,11
15,7,10
15,8,7
15,9,8
15,10,8
15,11,10
15,12,9
15,13,9
15,14,9
15,15,8
16,1,10
16,2,6
16,3,9
16,4,12
16,5,9
16,6,11
16,7,9
16,8,11
16,9,9
16,10,10
16,11,8
16,12,7
16,13,9
16,14,10
16,15,9
17,1,13
17,2,14
17,3,10
17,4,9
17,5,10
17,6,9
17,7,8
17,8,11
17,9,12
17,10,9
17,11,11
17,12,12
17,13,8
17,14,9
17,15,11
18,1,8
18,2,10
18,3,11
18,4,10
18,5,12
18,6,10
18,7,10
18,8,11
18,9,12
18,10,10
18,11,11
18,12,10
18,13,10
18,14,8
18,15,10
19,1,12
19,2,11
19,3,14
19,4,11
19,5,9
19,6,9
19,7,12
19,8,11
19,9,14
19,10,9
19,11,10
19,12,7
19,13,11
19,14,13
19,15,11
20,1,9
20,2,10
20,3,11
20,4,9
20,5,7
20,6,10
20,7,12
20,8,12
20,9,9
20,10,10
20,11,9
20,12,10
20,13,7
20,14,11
20,15,12
21,1,11
21,2,11
21,3,9
21,4,8
21,5,11
21,6,12
21,7,10
21,8,12
21,9,9
21,10,9
21,11,6
21,12,12
21,13,11
21,14,12
21,15,10
22,1,11
22,2,12
22,3,7
22,4,9
22,5,10
22,6,11
22,7,12
22,8,10
22,9,8
22,10,11
22,11,11
22,12,9
22,13,12
22,14,9
22,15,10
23,1,9
23,2,9
23,3,12
23,4,11
23,5,11
23,6,11
23,7,10
23,8,9
23,9,9
23,10,8
23,11,7
23,12,6
23,13,8
23,14,8
23,15,10
24,1,12
24,2,8
24,3,8
24,4,11
24,5,9
24,6,11
24,7,10
24,8,12
24,9,10
24,10,9
24,11,8
24,12,11
24,13,8
24,14,11
24,15,12
25,1,8
25,2,11
25,3,11
25,4,7
25,5,8
25,6,11
25,7,12
25,8,10
25,9,9
25,10,9
25,11,11
25,12,10
25,13,10
25,14,10
25,15,10
26,1,13
26,2,9
26,3,8
26,4,13
26,5,9
26,6,9
26,7,8
26,8,15
26,9,10
26,10,9
26,11,9
26,12,8
26,13,7
26,14,9
26,15,11
27,1,10
27,2,8
27,3,8
27,4,7
27,5,8
27,6,9
27,7,10
27,8,10
27,9,11
27,10,11
27,11,10
27,12,7
27,13,9
27,14,9
27,15,14
28,1,11
28,2,11
28,3,8
28,4,9
28,5,11
28,6,10
28,7,12
28,8,7
28,9,9
28,10,10
28,11,10
28,12,7
28,13,6
28,14,11
28,15,7
29,1,10
29,2,10
29,3,8
29,4,11
29,5,11
29,6,10
29,7,10
29,8,8
29,9,8
29,10,8
29,11,11
29,12,10
29,13,8
29,14,8
29,15,9
30,1,9
30,2,11
30,3,12
30,4,11
30,5,13
30,6,9
30,7,12
30,8,12
30,9,12
30,10,12
30,11,13
30,12,14
30,13,14
30,14,13
30,15,11
31,1,10
31,2,11
31,3,10
31,4,7
31,5,8
31,6,7
31,7,7
31,8,8
31,9,9
31,10,6
31,11,8
31,12,10
31,13,9
31,14,8
31,15,10
32,1,10
32,2,13
32,3,8
32,4,9
32,5,11
32,6,9
32,7,11
32,8,9
32,9,9
32,10,7
32,11,8
32,12,9
32,13,8
32,14,11
32,15,9
33,1,12
33,2,12
33,3,9
33,4,11
33,5,9
33,6,8
33,7,12
33,8,10
33,9,12
33,10,9
33,11,10
33,12,11
33,13,11
33,14,8
33,15,12
34,1,10
34,2,13
34,3,9
34,4,13
34,5,8
34,6,11
34,7,9
34,8,8
34,9,9
34,10,8
34,11,8
34,12,10
34,13,9
34,14,10
34,15,8
35,1,11
35,2,10
35,3,12
35,4,9
35,5,9
35,6,11
35,7,11
35,8,7
35,9,11
35,10,10
35,11,10
35,12,11
35,13,8
35,14,8
35,15,9
36,1,10
36,2,11
36,3,12
36,4,8
36,5,13
36,6,11
36,7,12
36,8,11
36,9,10
36,10,10
36,11,13
36,12,13
36,13,12
36,14,13
36,15,11
37,1,8
37,2,10
37,3,12
37,4,9
37,5,12
37,6,9
37,7,11
37,8,12
37,9,9
37,10,13
37,11,11
37,12,12
37,13,12
37,14,10
37,15,12
38,1,7
38,2,10
38,3,10
38,4,10
38,5,9
38,6,10
38,7,9
38,8,10
38,9,11
38,10,11
38,11,10
38,12,9
38,13,10
38,14,10
38,15,11
39,1,7
39,2,10
39,3,8
39,4,7
39,5,9
39,6,9
39,7,8
39,8,8
39,9,9
39,10,9
39,11,12
39,12,7
39,13,10
39,14,10
39,15,8
40,1,12
40,2,11
40,3,9
40,4,10
40,5,9
40,6,9
40,7,10
40,8,9
40,9,11
40,10,8
40,11,9
40,12,8
40,13,7
40,14,8
40,15,9
41,1,8
41,2,10
41,3,11
41,4,9
41,5,9
41,6,8
41,7,10
41,8,7
41,9,7
41,10,6
41,11,6
41,12,9
41,13,6
41,14,7
41,15,8
42,1,13
42,2,9
42,3,10
42,4,9
42,5,12
42,6,10
42,7,13
42,8,11
42,9,14
42,10,14
42,11,11
42,12,11
42,13,12
42,14,9
42,15,11
43,1,10
43,2,6
43,3,10
43,4,10
43,5,10
43,6,11
43,7,9
43,8,11
43,9,11
43,10,14
43,11,12
43,12,9
43,13,7
43,14,8
43,15,11
44,1,11
44,2,12
44,3,10
44,4,11
44,5,9
44,6,11
44,7,10
44,8,13
44,9,9
44,10,9
44,11,11
44,12,8
44,13,10
44,14,9
44,15,10
45,1,7
45,2,8
45,3,9
45,4,9
45,5,10
45,6,9
45,7,9
45,8,7
45,9,8
45,10,10
45,11,11
45,12,7
45,13,10
45,14,9
45,15,10
46,1,10
46,2,9
46,3,8
46,4,9
46,5,9
46,6,10
46,7,9
46,8,9
46,9,7
46,10,6
46,11,6
46,12,9
46,13,8
46,14,7
46,15,8
47,1,9
47,2,10
47,3,12
47,4,12
47,5,9
47,6,12
47,7,7
47,8,9
47,9,9
47,10,12
47,11,10
47,12,8
47,13,11
47,14,9
47,15,12
48,1,9
48,2,9
48,3,9
48,4,11
48,5,11
48,6,9
48,7,9
48,8,8
48,9,12
48,10,10
48,11,11
48,12,7
48,13,10
48,14,10
48,15,10
49,1,11
49,2,9
49,3,10
49,4,12
49,5,11
49,6,11
49,7,10
49,8,10
49,9,10
49,10,9
49,11,12
49,12,11
49,13,11
49,14,13
49,15,7
50,1,3
50,2,1
50,3,13
50,4,10
50,5,12
50,6,13
50,7,10
50,8,13
50,9,10
50,10,11
50,11,12
50,12,13
50,13,12
50,14,12
50,15,12
51,1,9
51,2,11
51,3,11
51,4,8
51,5,9
51,6,11
51,7,8
51,8,10
51,9,8
51,10,6
51,11,7
51,12,10
51,13,10
51,14,8
51,15,8
52,1,9
52,2,6
52,3,5
52,4,12
52,5,10
52,6,10
52,7,10
52,8,10
52,9,10
52,10,10
52,11,10
52,12,7
52,13,6
52,14,7
52,15,8
53,1,11
53,2,10
53,3,11
53,4,9
53,5,10
53,6,9
53,7,10
53,8,14
53,9,11
53,10,11
53,11,10
53,12,11
53,13,11
53,14,13
53,15,11
54,1,11
54,2,11
54,3,12
54,4,10
54,5,12
54,6,10
54,7,11
54,8,11
54,9,13
54,10,10
54,11,10
54,12,8
54,13,10
54,14,12
54,15,14
55,1,12
55,2,10
55,3,10
55,4,9
55,5,11
55,6,12
55,7,11
55,8,8
55,9,7
55,10,8
55,11,9
55,12,10
55,13,9
55,14,9
55,15,10
56,1,8
56,2,12
56,3,14
56,4,6
56,5,11
56,6,9
56,7,8
56,8,10
56,9,12
56,10,8
56,11,9
56,12,10
56,13,9
56,14,10
56,15,8
57,1,8
57,2,8
57,3,9
57,4,8
57,5,10
57,6,9
57,7,8
57,8,8
57,9,9
57,10,9
57,11,12
57,12,12
57,13,12
57,14,6
57,15,8
58,1,15
58,2,10
58,3,9
58,4,11
58,5,11
58,6,7
58,7,10
58,8,8
58,9,12
58,10,11
58,11,10
58,12,10
58,13,9
58,14,8
58,15,8
59,1,8
59,2,9
59,3,9
59,4,11
59,5,11
59,6,14
59,7,10
59,8,10
59,9,11
59,10,12
59,11,8
59,12,11
59,13,9
59,14,10
59,15,8
60,1,7
60,2,8
60,3,12
60,4,10
60,5,9
60,6,9
60,7,9
60,8,10
60,9,9
60,10,8
60,11,10
60,12,10
60,13,8
60,14,9
60,15,6
61,1,10
61,2,6
61,3,9
61,4,9
61,5,10
61,6,8
61,7,10
61,8,8
61,9,8
61,10,10
61,11,10
61,12,9
61,13,9
61,14,9
61,15,12
62,1,12
62,2,11
62,3,11
62,4,9
62,5,10
62,6,11
62,7,11
62,8,9
62,9,12
62,10,12
62,11,10
62,12,10
62,13,11
62,14,9
62,15,10
63,1,8
63,2,11
63,3,11
63,4,9
63,5,10
63,6,9
63,7,10
63,8,9
63,9,9
63,10,10
63,11,9
63,12,9
63,13,9
63,14,10
63,15,11
64,1,12
64,2,8
64,3,8
64,4,8
64,5,8
64,6,9
64,7,12
64,8,9
64,9,8
64,10,12
64,11,10
64,12,7
64,13,6
64,14,8
64,15,9
65,1,9
65,2,12
65,3,10
65,4,9
65,5,8
65,6,9
65,7,10
65,8,12
65,9,8
65,10,9
65,11,13
65,12,8
65,13,10
65,14,10
65,15,9
66,1,10
66,2,9
66,3,10
66,4,9
66,5,10
66,6,8
66,7,12
66,8,10
66,9,10
66,10,10
66,11,12
66,12,10
66,13,9
66,14,8
66,15,7
67,1,8
67,2,7
67,3,6
67,4,9
67,5,8
67,6,9
67,7,8
67,8,8
67,9,11
67,10,8
67,11,8
67,12,9
67,13,10
67,14,8
67,15,10
68,1,8
68,2,9
68,3,9
68,4,10
68,5,12
68,6,10
68,7,9
68,8,11
68,9,9
68,10,10
68,11,11
68,12,10
68,13,11
68,14,8
68,15,10
69,1,7
69,2,6
69,3,9
69,4,8
69,5,10
69,6,6
69,7,8
69,8,8
69,9,8
69,10,9
69,11,9
69,12,8
69,13,5
69,14,7
69,15,9
70,1,10
70,2,9
70,3,12
70,4,14
70,5,14
70,6,10
70,7,10
70,8,9
70,9,8
70,10,13
70,11,9
70,12,12
70,13,12
70,14,10
70,15,10
71,1,11
71,2,13
71,3,10
71,4,12
71,5,11
71,6,11
71,7,13
71,8,10
71,9,11
71,10,11
71,11,11
71,12,6
71,13,9
71,14,10
71,15,13
72,1,9
72,2,12
72,3,11
72,4,9
72,5,11
72,6,10
72,7,10
72,8,11
72,9,9
72,10,10
72,11,11
72,12,9
72,13,10
72,14,10
72,15,8
73,1,9
73,2,11
73,3,9
73,4,11
73,5,13
73,6,9
73,7,10
73,8,12
73,9,11
73,10,12
73,11,12
73,12,10
73,13,10
73,14,14
73,15,10
74,1,12
74,2,8
74,3,8
74,4,9
74,5,9
74,6,10
74,7,8
74,8,9
74,9,9
74,10,8
74,11,10
74,12,8
74,13,6
74,14,8
74,15,9
75,1,9
75,2,8
75,3,10
75,4,10
75,5,10
75,6,11
75,7,7
75,8,8
75,9,7
75,10,10
75,11,11
75,12,9
75,13,10
75,14,9
75,15,12
76,1,10
76,2,11
76,3,8
76,4,7
76,5,11
76,6,10
76,7,10
76,8,9
76,9,13
76,10,9
76,11,9
76,12,10
76,13,7
76,14,7
76,15,2
77,1,1
77,2,11
77,3,11
77,4,13
77,5,12
77,6,11
77,7,13
77,8,12
77,9,12
77,10,11
77,11,10
77,12,10
77,13,12
77,14,10
77,15,10
78,1,8
78,2,11
78,3,8
78,4,7
78,5,9
78,6,8
78,7,9
78,8,8
78,9,11
78,10,11
78,11,10
78,12,14
78,13,11
78,14,11
78,15,12
79,1,9
79,2,10
79,3,10
79,4,10
79,5,9
79,6,10
79,7,10
79,8,9
79,9,10
79,10,12
79,11,9
79,12,6
79,13,7
79,14,7
79,15,7
80,1,6
80,2,8
80,3,9
80,4,8
80,5,9
80,6,9
80,7,10
80,8,7
80,9,7
80,10,10
80,11,8
80,12,11
80,13,8
80,14,8
80,15,9
81,1,7
81,2,8
81,3,8
81,4,6
81,5,8
81,6,10
81,7,6
81,8,5
81,9,6
81,10,5
81,11,6
81,12,8
81,13,6
81,14,6
81,15,11
82,1,9
82,2,11
82,3,8
82,4,8
82,5,11
82,6,9
82,7,7
82,8,9
82,9,7
82,10,6
82,11,9
82,12,9
82,13,11
82,14,8
82,15,9
83,1,8
83,2,10
83,3,8
83,4,8
83,5,10
83,6,10
83,7,9
83,8,9
83,9,6
83,10,11
83,11,9
83,12,10
83,13,8
83,14,6
83,15,10
84,1,8
84,2,8
84,3,9
84,4,5
84,5,9
84,6,9
84,7,9
84,8,11
84,9,10
84,10,6
84,11,6
84,12,11
84,13,7
84,14,6
84,15,8
85,1,7
85,2,11
85,3,10
85,4,13
85,5,10
85,6,10
85,7,9
85,8,9
85,9,9
85,10,10
85,11,12
85,12,10
85,13,8
85,14,12
85,15,8
86,1,11
86,2,8
86,3,8
86,4,11
86,5,10
86,6,10
86,7,9
86,8,11
86,9,13
86,10,11
86,11,13
86,12,11
86,13,11
86,14,6
86,15,9
87,1,13
87,2,12
87,3,11
87,4,8
87,5,12
87,6,10
87,7,9
87,8,8
87,9,10
87,10,11
87,11,10
87,12,15
87,13,10
87,14,13
87,15,10
88,1,10
88,2,9
88,3,9
88,4,10
88,5,7
88,6,7
88,7,9
88,8,8
88,9,8
88,10,9
88,11,9
88,12,6
88,13,9
88,14,8
88,15,8
89,1,10
89,2,12
89,3,10
89,4,8
89,5,10
89,6,7
89,7,9
89,8,8
89,9,10
89,10,12
89,11,9
89,12,9
89,13,9
89,14,8
89,15,10
90,1,10
90,2,9
90,3,11
90,4,11
90,5,10
90,6,12
90,7,10
90,8,12
90,9,12
90,10,10
90,11,11
90,12,11
90,13,15
90,14,13
90,15,12
91,1,11
91,2,8
91,3,10
91,4,12
91,5,12
91,6,9
91,7,11
91,8,9
91,9,8
91,10,12
91,11,11
91,12,9
91,13,12
91,14,11
91,15,13
92,1,14
92,2,11
92,3,10
92,4,13
92,5,10
92,6,10
92,7,10
92,8,10
92,9,10
92,10,9
92,11,10
92,12,8
92,13,12
92,14,6
92,15,9
93,1,11
93,2,8
93,3,11
93,4,8
93,5,7
93,6,9
93,7,8
93,8,7
93,9,6
93,10,9
93,11,10
93,12,7
93,13,8
93,14,7
93,15,9
94,1,9
94,2,10
94,3,12
94,4,9
94,5,11
94,6,12
94,7,11
94,8,9
94,9,9
94,10,12
94,11,13
94,12,11
94,13,13
94,14,11
94,15,12
95,1,8
95,2,7
95,3,7
95,4,8
95,5,7
95,6,10
95,7,10
95,8,10
95,9,8
95,10,9
95,11,8
95,12,10
95,13,12
95,14,9
95,15,10
96,1,11
96,2,11
96,3,8
96,4,13
96,5,8
96,6,9
96,7,9
96,8,10
96,9,10
96,10,10
96,11,11
96,12,8
96,13,9
96,14,8
96,15,11
97,1,11
97,2,10
97,3,9
97,4,10
97,5,9
97,6,12
97,7,11
97,8,9
97,9,9
97,10,7
97,11,5
97,12,8
97,13,8
97,14,9
97,15,8
98,1,5
98,2,10
98,3,11
98,4,10
98,5,11
98,6,9
98,7,8
98,8,9
98,9,11
98,10,10
98,11,9
98,12,9
98,13,9
98,14,6
98,15,12
99,1,10
99,2,10
99,3,9
99,4,8
99,5,9
99,6,8
99,7,9
99,8,11
99,9,10
99,10,11
99,11,12
99,12,12
99,13,9
99,14,11
99,15,10
100,1,9
100,2,10
100,3,13
100,4,11
100,5,8
100,6,10
100,7,8
100,8,10
100,9,12
100,10,10
100,11,8
100,12,11
100,13,11
100,14,12
100,15,9
101,1,11
101,2,9
101,3,9
101,4,10
101,5,9
101,6,9
101,7,12
101,8,11
101,9,9
101,10,9
101,11,10
101,12,7
101,13,9
101,14,8
101,15,9
102,1,13
102,2,12
102,3,10
102,4,8
102,5,6
102,6,9
102,7,9
102,8,9
102,9,9
102,10,11
102,11,9
102,12,10
102,13,10
102,14,9
102,15,11
103,1,8
103,2,11
103,3,9
103,4,10
103,5,12
103,6,15
103,7,13
103,8,12
103,9,9
103,10,9
103,11,10
103,12,9
103,13,10
103,14,9
103,15,9
104,1,12
104,2,6
104,3,7
104,4,8
104,5,10
104,6,7
104,7,11
104,8,11
104,9,9
104,10,9
104,11,11
104,12,10
104,13,10
104,14,10
104,15,12
105,1,8
105,2,11
105,3,10
105,4,13
105,5,12
105,6,10
105,7,9
105,8,6
105,9,8
105,10,8
105,11,6
105,12,11
105,13,10
105,14,7
105,15,9
106,1,10
106,2,12
106,3,14
106,4,10
106,5,11
106,6,2
106,7,1
106,8,9
106,9,13
106,10,11
106,11,10
106,12,11
106,13,8
106,14,11
106,15,12
107,1,10
107,2,7
107,3,10
107,4,11
107,5,9
107,6,10
107,7,10
107,8,12
107,9,11
107,10,13
107,11,11
107,12,9
107,13,9
107,14,9
107,15,10
108,1,8
108,2,6
108,3,9
108,4,12
108,5,9
108,6,8
108,7,7
108,8,6
108,9,7
108,10,13
108,11,8
108,12,8
108,13,12
108,14,9
108,15,8
109,1,6
109,2,7
109,3,9
109,4,10
109,5,8
109,6,9
109,7,8
109,8,6
109,9,5
109,10,9
109,11,8
109,12,7
109,13,8
109,14,13
109,15,9
110,1,7
110,2,8
110,3,8
110,4,6
110,5,7
110,6,6
110,7,8
110,8,8
110,9,6
110,10,6
110,11,9
110,12,11
110,13,8
110,14,7
110,15,13
111,1,9
111,2,12
111,3,9
111,4,10
111,5,11
111,6,13
111,7,9
111,8,9
111,9,10
111,10,10
111,11,9
111,12,9
111,13,8
111,14,8
111,15,10
112,1,11
112,2,9
112,3,11
112,4,10
112,5,9
112,6,11
112,7,10
112,8,11
112,9,11
112,10,10
112,11,9
112,12,9
112,13,9
112,14,10
112,15,9
113,1,10
113,2,9
113,3,7
113,4,9
113,5,8
113,6,8
113,7,8
113,8,9
113,9,10
113,10,11
113,11,8
113,12,8
113,13,8
113,14,10
113,15,11
114,1,10
114,2,7
114,3,11
114,4,10
114,5,13
114,6,9
114,7,9
114,8,8
114,9,9
114,10,6
114,11,10
114,12,10
114,13,11
114,14,11
114,15,9
115,1,7
115,2,10
115,3,9
115,4,8
115,5,10
115,6,8
115,7,9
115,8,7
115,9,8
115,10,10
115,11,9
115,12,7
115,13,6
115,14,10
115,15,9
116,1,11
116,2,10
116,3,8
116,4,12
116,5,8
116,6,8
116,7,11
116,8,11
116,9,10
116,10,9
116,11,10
116,12,9
116,13,14
116,14,10
116,15,11
117,1,11
117,2,14
117,3,9
117,4,13
117,5,10
117,6,10
117,7,9
117,8,12
117,9,9
117,10,14
117,11,11
117,12,10
117,13,11
117,14,11
117,15,12
118,1,11
118,2,12
118,3,13
118,4,13
118,5,10
118,6,10
118,7,13
118,8,9
118,9,10
118,10,10
118,11,11
118,12,12
118,13,12
118,14,12
118,15,10
119,1,8
119,2,8
119,3,9
119,4,11
119,5,11
119,6,12
119,7,12
119,8,8
119,9,11
119,10,11
119,11,8
119,12,9
119,13,9
119,14,9
119,15,8
120,1,9
120,2,10
120,3,9
120,4,9
120,5,12
120,6,9
120,7,11
120,8,11
120,9,8
120,10,8
120,11,10
120,12,8
120,13,8
120,14,9
120,15,11
121,1,9
121,2,9
121,3,8
121,4,8
121,5,9
121,6,8
121,7,7
121,8,9
121,9,9
121,10,8
121,11,7
121,12,9
121,13,7
121,14,9
121,15,6
122,1,10
122,2,11
122,3,11
122,4,9
122,5,11
122,6,7
122,7,8
122,8,12
122,9,11
122,10,10
122,11,9
122,12,8
122,13,11
122,14,10
122,15,10
123,1,9
123,2,9
123,3,9
123,4,12
123,5,10
123,6,9
123,7,9
123,8,11
123,9,10
123,10,11
123,11,11
123,12,13
123,13,11
123,14,12
123,15,13
124,1,10
124,2,11
124,3,8
124,4,9
124,5,12
124,6,10
124,7,12
124,8,9
124,9,9
124,10,8
124,11,11
124,12,12
124,13,9
124,14,13
124,15,11
125,1,11
125,2,11
125,3,10
125,4,11
125,5,9
125,6,9
125,7,11
125,8,8
125,9,13
125,10,12
125,11,8
125,12,7
125,13,10
125,14,12
125,15,12
126,1,12
126,2,13
126,3,8
126,4,9
126,5,7
126,6,9
126,7,9
126,8,9
126,9,10
126,10,9
126,11,9
126,12,8
126,13,11
126,14,9
126,15,9
127,1,11
127,2,10
127,3,12
127,4,10
127,5,10
127,6,12
127,7,15
127,8,13
127,9,13
127,10,11
127,11,13
127,12,12
127,13,10
127,14,14
127,15,13
128,1,2
128,2,1
128,3,8
128,4,10
128,5,13
128,6,11
128,7,10
128,8,10
128,9,12
128,10,12
128,11,8
128,12,9
128,13,10
128,14,12
128,15,12
129,1,8
129,2,8
129,3,8
129,4,9
129,5,12
129,6,9
129,7,10
129,8,12
129,9,11
129,10,13
129,11,9
129,12,10
129,13,10
129,14,13
129,15,11
130,1,16
130,2,11
130,3,15
130,4,8
130,5,11
130,6,13
130,7,10
130,8,12
130,9,12
130,10,12
130,11,12
130,12,13
130,13,11
130,14,12
130,15,11
131,1,15
131,2,11
131,3,12
131,4,12
131,5,12
131,6,10
131,7,12
131,8,11
131,9,11
131,10,8
131,11,12
131,12,10
131,13,10
131,14,12
131,15,10
132,1,11
132,2,13
132,3,11
132,4,12
132,5,12
132,6,11
132,7,9
132,8,10
132,9,10
132,10,10
132,11,9
132,12,9
132,13,8
132,14,9
132,15,11
133,1,11
133,2,10
133,3,11
133,4,10
133,5,10
133,6,9
133,7,10
133,8,10
133,9,12
133,10,13
133,11,9
133,12,12
133,13,9
133,14,11
133,15,8
134,1,8
134,2,10
134,3,9
134,4,10
134,5,10
134,6,7
134,7,14
134,8,10
134,9,12
134,10,13
134,11,10
134,12,8
134,13,12
134,14,11
134,15,12
135,1,9
135,2,9
135,3,11
135,4,9
135,5,12
135,6,11
135,7,10
135,8,11
135,9,12
135,10,11
135,11,10
135,12,12
135,13,11
135,14,11
135,15,9
136,1,9
136,2,7
136,3,9
136,4,11
136,5,11
136,6,10
136,7,10
136,8,12
136,9,8
136,10,12
136,11,8
136,12,9
136,13,8
136,14,12
136,15,8
137,1,11
137,2,9
137,3,7
137,4,14
137,5,10
137,6,12
137,7,10
137,8,11
137,9,7
137,10,11
137,11,11
137,12,13
137,13,7
137,14,9
137,15,11
138,1,9
138,2,8
138,3,12
138,4,9
138,5,9
138,6,8
138,7,9
138,8,8
138,9,8
138,10,9
138,11,12
138,12,9
138,13,11
138,14,11
138,15,10
139,1,15
139,2,12
139,3,10
139,4,13
139,5,9
139,6,11
139,7,10
139,8,13
139,9,12
139,10,7
139,11,10
139,12,8
139,13,10
139,14,10
139,15,9
140,1,12
140,2,12
140,3,9
140,4,9
140,5,11
140,6,10
140,7,9
140,8,10
140,9,9
140,10,8
140,11,13
140,12,10
140,13,10
140,14,10
140,15,14
141,1,12
141,2,10
141,3,9
141,4,12
141,5,9
141,6,7
141,7,14
141,8,11
141,9,10
141,10,12
141,11,10
141,12,9
141,13,13
141,14,9
141,15,9
142,1,9
142,2,12
142,3,8
142,4,8
142,5,12
142,6,8
142,7,8
142,8,9
142,9,10
142,10,9
142,11,11
142,12,11
142,13,11
142,14,10
142,15,11
143,1,11
143,2,12
143,3,10
143,4,9
143,5,10
143,6,10
143,7,8
143,8,10
143,9,10
143,10,8
143,11,9
143,12,8
143,13,13
143,14,8
143,15,9
144,1,11
144,2,8
144,3,9
144,4,10
144,5,11
144,6,9
144,7,9
144,8,9
144,9,14
144,10,9
144,11,9
144,12,7
144,13,11
144,14,8
144,15,10
145,1,9
145,2,9
145,3,7
145,4,8
145,5,9
145,6,8
145,7,10
145,8,8
145,9,8
145,10,8
145,11,8
145,12,6
145,13,5
145,14,6
145,15,10
146,1,9
146,2,8
146,3,9
146,4,8
146,5,8
146,6,9
146,7,8
146,8,11
146,9,9
146,10,7
146,11,6
146,12,10
146,13,10
146,14,8
146,15,11
147,1,10
147,2,8
147,3,9
147,4,9
147,5,9
147,6,9
147,7,9
147,8,12
147,9,11
147,10,10
147,11,13
147,12,8
147,13,9
147,14,9
147,15,10
148,1,9
148,2,8
148,3,12
148,4,9
148,5,11
148,6,11
148,7,9
148,8,10
148,9,9
148,10,9
148,11,10
148,12,9
148,13,9
148,14,10
148,15,11
149,1,12
149,2,9
149,3,11
149,4,9
149,5,9
149,6,9
149,7,9
149,8,8
149,9,8
149,10,9
149,11,9
149,12,12
149,13,9
149,14,10
149,15,9
150,1,11
150,2,13
150,3,13
150,4,10
150,5,13
150,6,11
150,7,12
150,8,12
150,9,9
150,10,12
150,11,14
150,12,14
150,13,9
150,14,8
150,15,12
151,1,2
151,2,1
151,3,11
151,4,9
151,5,12
151,6,10
151,7,12
151,8,7
151,9,10
151,10,9
151,11,8
151,12,8
151,13,11
151,14,8
151,15,9
152,1,15
152,2,12
152,3,11
152,4,11
152,5,10
152,6,11
152,7,11
152,8,10
152,9,10
152,10,10
152,11,12
152,12,9
152,13,10
152,14,10
152,15,11
153,1,11
153,2,10
153,3,10
153,4,10
153,5,11
153,6,9
153,7,9
153,8,12
153,9,10
153,10,12
153,11,12
153,12,9
153,13,10
153,14,9
153,15,8
154,1,10
154,2,13
154,3,11
154,4,10
154,5,12
154,6,12
154,7,13
154,8,10
154,9,11
154,10,10
154,11,9
154,12,12
154,13,11
154,14,11
154,15,10
155,1,11
155,2,13
155,3,8
155,4,12
155,5,9
155,6,9
155,7,10
155,8,10
155,9,10
155,10,7
155,11,8
155,12,12
155,13,11
155,14,14
155,15,9
156,1,12
156,2,14
156,3,11
156,4,10
156,5,12
156,6,10
156,7,12
156,8,9
156,9,9
156,10,11
156,11,9
156,12,12
156,13,7
156,14,8
156,15,8
157,1,9
157,2,11
157,3,11
157,4,12
157,5,9
157,6,9
157,7,10
157,8,9
157,9,10
157,10,10
157,11,9
157,12,8
157,13,10
157,14,11
157,15,8
158,1,11
158,2,9
158,3,11
158,4,10
158,5,11
158,6,9
158,7,9
158,8,11
158,9,8
158,10,8
158,11,11
158,12,14
158,13,10
158,14,8
158,15,9
159,1,9
159,2,10
159,3,9
159,4,9
159,5,9
159,6,10
159,7,10
159,8,6
159,9,11
159,10,7
159,11,9
159,12,10
159,13,10
159,14,10
159,15,11
160,1,8
160,2,7
160,3,10
160,4,7
160,5,7
160,6,11
160,7,7
160,8,8
160,9,10
160,10,7
160,11,8
160,12,8
160,13,9
160,14,9
160,15,10
161,1,9
161,2,8
161,3,8
161,4,8
161,5,9
161,6,10
161,7,7
161,8,7
161,9,8
161,10,7
161,11,9
161,12,7
161,13,8
161,14,8
161,15,10
162,1,9
162,2,12
162,3,12
162,4,15
162,5,15
162,6,10
162,7,10
162,8,8
162,9,11
162,10,9
162,11,8
162,12,11
162,13,8
162,14,9
162,15,9
163,1,9
163,2,8
163,3,9
163,4,9
163,5,10
163,6,9
163,7,9
163,8,9
163,9,10
163,10,9
163,11,9
163,12,8
163,13,10
163,14,9
163,15,9
164,1,12
164,2,11
164,3,10
164,4,11
164,5,10
164,6,11
164,7,9
164,8,9
164,9,10
164,10,10
164,11,10
164,12,7
164,13,12
164,14,10
164,15,8
165,1,10
165,2,12
165,3,10
165,4,8
165,5,12
165,6,11
165,7,10
165,8,9
165,9,8
165,10,9
165,11,9
165,12,12
165,13,6
165,14,8
165,15,7
166,1,10
166,2,11
166,3,10
166,4,9
166,5,7
166,6,8
166,7,11
166,8,8
166,9,8
166,10,9
166,11,9
166,12,6
166,13,9
166,14,10
166,15,7
167,1,9
167,2,12
167,3,12
167,4,9
167,5,7
167,6,8
167,7,8
167,8,8
167,9,9
167,10,9
167,11,8
167,12,12
167,13,10
167,14,10
167,15,8
168,1,8
168,2,8
168,3,9
168,4,9
168,5,8
168,6,10
168,7,10
168,8,9
168,9,8
168,10,9
168,11,9
168,12,12
168,13,8
168,14,10
168,15,7
169,1,10
169,2,11
169,3,11
169,4,9
169,5,9
169,6,9
169,7,10
169,8,8
169,9,10
169,10,10
169,11,9
169,12,9
169,13,12
169,14,12
169,15,13
170,1,10
170,2,11
170,3,8
170,4,8
170,5,7
170,6,6
170,7,7
170,8,7
170,9,8
170,10,10
170,11,8
170,12,12
170,13,8
170,14,5
170,15,9
171,1,9
171,2,8
171,3,10
171,4,8
171,5,9
171,6,7
171,7,8
171,8,7
171,9,6
171,10,9
171,11,7
171,12,7
171,13,8
171,14,8
171,15,9
172,1,12
172,2,10
172,3,10
172,4,8
172,5,12
172,6,10
172,7,10
172,8,9
172,9,7
172,10,8
172,11,9
172,12,11
172,13,13
172,14,9
172,15,9
173,1,11
173,2,10
173,3,10
173,4,13
173,5,11
173,6,11
173,7,7
173,8,9
173,9,8
173,10,10
173,11,8
173,12,10
173,13,8
173,14,9
173,15,9
174,1,10
174,2,12
174,3,12
174,4,10
174,5,10
174,6,8
174,7,10
174,8,12
174,9,10
174,10,12
174,11,11
174,12,11
174,13,16
174,14,12
174,15,13
175,1,14
175,2,10
175,3,11
175,4,10
175,5,10
175,6,9
175,7,10
175,8,11
175,9,9
175,10,10
175,11,10
175,12,7
175,13,11
175,14,12
175,15,11
176,1,11
176,2,8
176,3,10
176,4,10
176,5,8
176,6,10
176,7,8
176,8,9
176,9,11
176,10,13
176,11,8
176,12,8
176,13,9
176,14,10
176,15,9
177,1,2
177,2,1
177,3,11
177,4,9
177,5,9
177,6,9
177,7,7
177,8,10
177,9,8
177,10,9
177,11,10
177,12,9
177,13,8
177,14,9
177,15,9
178,1,8
178,2,9
178,3,13
178,4,9
178,5,9
178,6,8
178,7,11
178,8,8
178,9,8
178,10,10
178,11,7
178,12,9
178,13,9
178,14,10
178,15,9
179,1,10
179,2,10
179,3,10
179,4,8
179,5,12
179,6,10
179,7,9
179,8,8
179,9,11
179,10,11
179,11,8
179,12,9
179,13,9
179,14,8
179,15,9
180,1,8
180,2,7
180,3,8
180,4,8
180,5,8
180,6,9
180,7,8
180,8,11
180,9,9
180,10,10
180,11,12
180,12,9
180,13,9
180,14,9
180,15,10
181,1,9
181,2,9
181,3,8
181,4,8
181,5,8
181,6,9
181,7,9
181,8,8
181,9,7
181,10,9
181,11,10
181,12,7
181,13,9
181,14,9
181,15,10
182,1,10
182,2,7
182,3,9
182,4,11
182,5,7
182,6,9
182,7,8
182,8,11
182,9,10
182,10,7
182,11,10
182,12,7
182,13,10
182,14,9
182,15,7
183,1,9
183,2,10
183,3,7
183,4,12
183,5,8
183,6,9
183,7,11
183,8,10
183,9,9
183,10,9
183,11,9
183,12,7
183,13,9
183,14,11
183,15,10
184,1,12
184,2,10
184,3,10
184,4,9
184,5,11
184,6,9
184,7,10
184,8,8
184,9,12
184,10,11
184,11,9
184,12,8
184,13,11
184,14,10
184,15,12
185,1,11
185,2,9
185,3,9
185,4,11
185,5,9
185,6,9
185,7,10
185,8,9
185,9,11
185,10,10
185,11,12
185,12,10
185,13,11
185,14,10
185,15,12
186,1,11
186,2,11
186,3,9
186,4,12
186,5,7
186,6,10
186,7,12
186,8,9
186,9,10
186,10,10
186,11,7
186,12,9
186,13,11
186,14,9
186,15,13
187,1,2
187,2,11
187,3,9
187,4,11
187,5,11
187,6,11
187,7,10
187,8,9
187,9,9
187,10,11
187,11,6
187,12,9
187,13,10
187,14,8
187,15,12
188,1,7
188,2,9
188,3,9
188,4,9
188,5,8
188,6,8
188,7,11
188,8,10
188,9,7
188,10,10
188,11,8
188,12,9
188,13,7
188,14,7
188,15,10
189,1,6
189,2,7
189,3,12
189,4,10
189,5,10
189,6,10
189,7,9
189,8,8
189,9,9
189,10,10
189,11,9
189,12,9
189,13,14
189,14,9
189,15,11
190,1,8
190,2,11
190,3,8
190,4,8
190,5,9
190,6,6
190,7,6
190,8,7
190,9,11
190,10,8
190,11,9
190,12,6
190,13,10
190,14,8
190,15,8
191,1,12
191,2,7
191,3,9
191,4,9
191,5,9
191,6,10
191,7,9
191,8,8
191,9,8
191,10,8
191,11,8
191,12,7
191,13,7
191,14,8
191,15,9
192,1,9
192,2,9
192,3,8
192,4,8
192,5,7
192,6,8
192,7,6
192,8,9
192,9,8
192,10,9
192,11,9
192,12,8
192,13,11
192,14,6
192,15,9
193,1,10
193,2,9
193,3,11
193,4,7
193,5,11
193,6,9
193,7,9
193,8,7
193,9,9
193,10,9
193,11,9
193,12,9
193,13,7
193,14,6
193,15,9
194,1,6
194,2,11
194,3,9
194,4,8
194,5,8
194,6,10
194,7,7
194,8,7
194,9,9
194,10,8
194,11,8
194,12,8
194,13,8
194,14,7
194,15,9
195,1,9
195,2,8
195,3,11
195,4,6
195,5,8
195,6,8
195,7,9
195,8,9
195,9,10
195,10,8
195,11,9
195,12,10
195,13,9
195,14,8
195,15,9
196,1,10
196,2,9
196,3,8
196,4,8
196,5,10
196,6,11
196,7,9
196,8,8
196,9,9
196,10,6
196,11,9
196,12,9
196,13,10
196,14,7
196,15,11
197,1,7
197,2,9
197,3,11
197,4,6
197,5,11
197,6,8
197,7,9
197,8,8
197,9,10
197,10,6
197,11,7
197,12,9
197,13,7
197,14,6
197,15,12
198,1,8
198,2,6
198,3,7
198,4,8
198,5,8
198,6,9
198,7,6
198,8,8
198,9,7
198,10,8
198,11,6
198,12,11
198,13,8
198,14,9
198,15,10
199,1,8
199,2,8
199,3,9
199,4,12
199,5,12
199,6,11
199,7,11
199,8,8
199,9,9
199,10,10
199,11,9
199,12,8
199,13,6
199,14,7
199,15,11
200,1,11
200,2,11
200,3,8
200,4,8
200,5,13
200,6,11
200,7,10
200,8,9
200,9,10
200,10,12
200,11,10
200,12,11
200,13,9
200,14,9
200,15,9
201,1,9
201,2,8
201,3,8
201,4,9
201,5,11
201,6,8
201,7,9
201,8,10
201,9,10
201,10,10
201,11,10
201,12,8
201,13,10
201,14,8
201,15,10
202,1,10
202,2,9
202,3,8
202,4,7
202,5,9
202,6,10
202,7,8
202,8,9
202,9,8
202,10,12
202,11,10
202,12,9
202,13,7
202,14,11
202,15,12
203,1,6
203,2,8
203,3,9
203,4,8
203,5,12
203,6,9
203,7,8
203,8,13
203,9,10
203,10,11
203,11,10
203,12,10
203,13,8
203,14,8
203,15,11
204,1,7
204,2,9
204,3,10
204,4,12
204,5,12
204,6,7
204,7,10
204,8,13
204,9,9
204,10,11
204,11,8
204,12,9
204,13,8
204,14,9
204,15,10
205,1,4
205,2,4
205,3,7
205,4,9
205,5,8
205,6,9
205,7,8
205,8,13
205,9,10
205,10,13
205,11,11
205,12,11
205,13,6
205,14,9
205,15,10
206,1,9
206,2,9
206,3,13
206,4,9
206,5,8
206,6,10
206,7,10
206,8,9
206,9,9
206,10,11
206,11,8
206,12,9
206,13,9
206,14,10
206,15,8
207,1,8
207,2,10
207,3,10
207,4,9
207,5,8
207,6,8
207,7,9
207,8,9
207,9,9
207,10,10
207,11,7
207,12,6
207,13,10
207,14,11
207,15,2
208,1,1
208,2,10
208,3,11
208,4,11
208,5,10
208,6,14
208,7,11
208,8,11
208,9,9
208,10,9
208,11,9
208,12,8
208,13,11
208,14,10
208,15,8
209,1,9
209,2,9
209,3,8
209,4,8
209,5,9
209,6,10
209,7,9
209,8,8
209,9,9
209,10,10
209,11,12
209,12,8
209,13,10
209,14,9
209,15,9
210,1,10
210,2,12
210,3,14
210,4,11
210,5,10
210,6,10
210,7,10
210,8,8
210,9,8
210,10,12
210,11,10
210,12,8
210,13,8
210,14,11
210,15,8
211,1,12
211,2,12
211,3,13
211,4,9
211,5,11
211,6,10
211,7,10
211,8,11
211,9,10
211,10,10
211,11,10
211,12,7
211,13,10
211,14,9
211,15,11
212,1,10
212,2,12
212,3,11
212,4,12
212,5,10
212,6,10
212,7,11
212,8,9
212,9,11
212,10,11
212,11,9
212,12,11
212,13,12
212,14,10
212,15,10
213,1,13
213,2,13
213,3,14
213,4,13
213,5,16
213,6,12
213,7,10
213,8,12
213,9,11
213,10,12
213,11,10
213,12,12
213,13,10
213,14,11
213,15,11
214,1,10
214,2,10
214,3,10
214,4,12
214,5,11
214,6,10
214,7,10
214,8,10
214,9,15
214,10,12
214,11,11
214,12,13
214,13,9
214,14,9
214,15,13
215,1,12
215,2,10
215,3,13
215,4,11
215,5,8
215,6,9
215,7,10
215,8,10
215,9,12
215,10,9
215,11,11
215,12,12
215,13,10
215,14,13
215,15,12
216,1,10
216,2,8
216,3,11
216,4,10
216,5,11
216,6,10
216,7,9
216,8,10
216,9,9
216,10,9
216,11,13
216,12,10
216,13,10
216,14,10
216,15,7
217,1,13
217,2,8
217,3,10
217,4,12
217,5,11
217,6,8
217,7,10
217,8,10
217,9,13
217,10,9
217,11,8
217,12,11
217,13,11
217,14,9
217,15,10
218,1,10
218,2,11
218,3,14
218,4,9
218,5,10
218,6,10
218,7,11
218,8,11
218,9,9
218,10,9
218,11,8
218,12,8
218,13,9
218,14,10
218,15,10
219,1,8
219,2,9
219,3,9
219,4,12
219,5,9
219,6,8
219,7,11
219,8,9
219,9,12
219,10,12
219,11,9
219,12,10
219,13,8
219,14,9
219,15,10
220,1,10
220,2,9
220,3,11
220,4,10
220,5,10
220,6,10
220,7,11
220,8,10
220,9,9
220,10,9
220,11,13
220,12,11
220,13,10
220,14,10
220,15,13
221,1,11
221,2,13
221,3,9
221,4,11
221,5,11
221,6,12
221,7,2
221,8,1
221,9,12
221,10,13
221,11,11
221,12,12
221,13,14
221,14,9
221,15,11
222,1,12
222,2,10
222,3,7
222,4,9
222,5,8
222,6,11
222,7,10
222,8,9
222,9,9
222,10,8
222,11,10
222,12,8
222,13,9
222,14,11
222,15,13
223,1,10
223,2,10
223,3,11
223,4,11
223,5,10
223,6,11
223,7,10
223,8,10
223,9,11
223,10,13
223,11,9
223,12,9
223,13,8
223,14,10
223,15,10
224,1,10
224,2,12
224,3,8
224,4,10
224,5,9
224,6,8
224,7,8
224,8,10
224,9,11
224,10,12
224,11,11
224,12,9
224,13,10
224,14,12
224,15,9
225,1,13
225,2,10
225,3,11
225,4,10
225,5,10
225,6,14
225,7,8
225,8,10
225,9,12
225,10,13
225,11,9
225,12,10
225,13,12
225,14,9
225,15,10
226,1,9
226,2,12
226,3,9
226,4,11
226,5,10
226,6,12
226,7,12
226,8,9
226,9,10
226,10,11
226,11,12
226,12,8
226,13,10
226,14,10
226,15,10
227,1,14
227,2,13
227,3,14
227,4,9
227,5,10
227,6,9
227,7,12
227,8,12
227,9,11
227,10,11
227,11,12
227,12,8
227,13,8
227,14,9
227,15,9
228,1,12
228,2,10
228,3,13
228,4,12
228,5,11
228,6,13
228,7,10
228,8,11
228,9,10
228,10,14
228,11,12
228,12,13
228,13,11
228,14,12
228,15,12
229,1,10
229,2,11
229,3,9
229,4,9
229,5,8
229,6,10
229,7,8
229,8,11
229,9,7
229,10,14
229,11,8
229,12,13
229,13,10
229,14,11
229,15,8
230,1,11
230,2,11
230,3,11
230,4,10
230,5,12
230,6,12
230,7,10
230,8,10
230,9,11
230,10,11
230,11,14
230,12,14
230,13,11
230,14,11
230,15,11
231,1,8
231,2,9
231,3,10
231,4,12
231,5,8
231,6,8
231,7,7
231,8,8
231,9,11
231,10,7
231,11,12
231,12,9
231,13,13
231,14,10
231,15,13
232,1,9
232,2,13
232,3,10
232,4,10
232,5,11
232,6,9
232,7,9
232,8,9
232,9,8
232,10,9
232,11,9
232,12,8
232,13,13
232,14,8
232,15,10
233,1,9
233,2,10
233,3,10
233,4,8
233,5,10
233,6,13
233,7,11
233,8,12
233,9,10
233,10,10
233,11,11
233,12,10
233,13,12
233,14,11
233,15,11
234,1,13
234,2,10
234,3,9
234,4,11
234,5,11
234,6,11
234,7,10
234,8,10
234,9,9
234,10,10
234,11,10
234,12,10
234,13,10
234,14,9
234,15,7
235,1,11
235,2,12
235,3,9
235,4,12
235,5,9
235,6,9
235,7,9
235,8,10
235,9,2
235,10,1
235,11,11
235,12,8
235,13,9
235,14,10
235,15,9
236,1,11
236,2,8
236,3,8
236,4,12
236,5,11
236,6,9
236,7,11
236,8,10
236,9,10
236,10,9
236,11,12
236,12,9
236,13,9
236,14,9
236,15,8
237,1,11
237,2,9
237,3,9
237,4,9
237,5,9
237,6,13
237,7,9
237,8,12
237,9,8
237,10,8
237,11,8
237,12,10
237,13,9
237,14,9
237,15,9
238,1,9
238,2,13
238,3,11
238,4,10
238,5,8
238,6,10
238,7,12
238,8,11
238,9,10
238,10,10
238,11,11
238,12,10
238,13,9
238,14,10
238,15,13
239,1,9
239,2,11
239,3,12
239,4,11
239,5,10
239,6,10
239,7,11
239,8,11
239,9,11
239,10,10
239,11,11
239,12,12
239,13,9
239,14,12
239,15,10
240,1,9
240,2,13
240,3,8
240,4,8
240,5,9
240,6,13
240,7,11
240,8,8
240,9,9
240,10,11
240,11,8
240,12,8
240,13,9
240,14,8
240,15,10
241,1,10
241,2,10
241,3,9
241,4,7
241,5,10
241,6,10
241,7,12
241,8,13
241,9,10
241,10,12
241,11,11
241,12,11
241,13,11
241,14,10
241,15,12
242,1,12
242,2,12
242,3,12
242,4,10
242,5,10
242,6,10
242,7,9
242,8,9
242,9,11
242,10,12
242,11,10
242,12,9
242,13,8
242,14,10
242,15,8
243,1,10
243,2,12
243,3,8
243,4,11
243,5,11
243,6,10
243,7,13
243,8,11
243,9,13
243,10,10
243,11,9
243,12,12
243,13,9
243,14,10
243,15,9
244,1,9
244,2,9
244,3,8
244,4,11
244,5,10
244,6,10
244,7,10
244,8,9
244,9,11
244,10,13
244,11,10
244,12,11
244,13,12
244,14,10
244,15,9
245,1,11
245,2,9
245,3,9
245,4,12
245,5,13
245,6,9
245,7,9
245,8,11
245,9,10
245,10,12
245,11,8
245,12,8
245,13,8
245,14,9
245,15,10
246,1,8
246,2,13
246,3,10
246,4,9
246,5,10
246,6,8
246,7,12
246,8,11
246,9,8
246,10,8
246,11,10
246,12,9
246,13,6
246,14,10
246,15,9
247,1,11
247,2,12
247,3,10
247,4,10
247,5,9
247,6,10
247,7,12
247,8,12
247,9,12
247,10,12
247,11,10
247,12,9
247,13,8
247,14,11
247,15,8
248,1,12
248,2,8
248,3,9
248,4,10
248,5,10
248,6,12
248,7,10
248,8,11
248,9,9
248,10,10
248,11,8
248,12,11
248,13,11
248,14,7
248,15,8
249,1,2
249,2,1
249,3,12
249,4,11
249,5,13
249,6,10
249,7,10
249,8,12
249,9,11
249,10,8
249,11,9
249,12,10
249,13,11
249,14,9
249,15,11
250,1,7
250,2,11
250,3,9
250,4,13
250,5,10
250,6,10
250,7,8
250,8,9
250,9,10
250,10,15
250,11,14
250,12,8
250,13,7
250,14,7
250,15,10
251,1,13
251,2,13
251,3,11
251,4,10
251,5,12
251,6,12
251,7,11
251,8,13
251,9,10
251,10,13
251,11,12
251,12,11
251,13,9
251,14,12
251,15,10
252,1,15
252,2,10
252,3,11
252,4,9
252,5,8
252,6,10
252,7,9
252,8,13
252,9,10
252,10,12
252,11,12
252,12,11
252,13,13
252,14,10
252,15,10
253,1,7
253,2,11
253,3,9
253,4,12
253,5,12
253,6,12
253,7,12
253,8,11
253,9,12
253,10,10
253,11,12
253,12,13
253,13,11
253,14,14
253,15,13
254,1,12
254,2,10
254,3,7
254,4,13
254,5,12
254,6,9
254,7,13
254,8,11
254,9,12
254,10,10
254,11,10
254,12,10
254,13,11
254,14,11
254,15,12
255,1,9
255,2,8
255,3,2
255,4,1
255,5,9
255,6,9
255,7,11
255,8,7
255,9,8
255,10,10
255,11,10
255,12,9
255,13,7
255,14,7
255,15,10
256,1,8
256,2,8
256,3,6
256,4,8
256,5,8
256,6,11
256,7,10
256,8,9
256,9,10
256,10,9
256,11,11
256,12,9
256,13,7
256,14,11
256,15,8
257,1,10
257,2,12
257,3,9
257,4,11
257,5,9
257,6,7
257,7,10
257,8,7
257,9,8
257,10,9
257,11,8
257,12,10
257,13,9
257,14,11
257,15,10
258,1,11
258,2,10
258,3,8
258,4,11
258,5,11
258,6,10
258,7,9
258,8,11
258,9,10
258,10,8
258,11,9
258,12,7
258,13,10
258,14,11
258,15,8
259,1,10
259,2,7
259,3,10
259,4,9
259,5,9
259,6,13
259,7,9
259,8,10
259,9,9
259,10,8
259,11,14
259,12,7
259,13,10
259,14,10
259,15,9
260,1,10
260,2,9
260,3,9
260,4,11
260,5,11
260,6,11
260,7,8
260,8,8
260,9,14
260,10,11
260,11,10
260,12,9
260,13,9
260,14,8
260,15,9
261,1,9
261,2,9
261,3,9
261,4,9
261,5,8
261,6,7
261,7,8
261,8,7
261,9,11
261,10,10
261,11,8
261,12,8
261,13,10
261,14,9
261,15,10
262,1,2
262,2,1
262,3,10
262,4,8
262,5,9
262,6,11
262,7,9
262,8,10
262,9,10
262,10,11
262,11,11
262,12,9
262,13,11
262,14,10
262,15,10
263,1,8
263,2,10
263,3,8
263,4,11
263,5,11
263,6,9
263,7,9
263,8,9
263,9,8
263,10,12
263,11,12
263,12,10
263,13,10
263,14,8
263,15,10
264,1,12
264,2,10
264,3,10
264,4,11
264,5,11
264,6,8
264,7,9
264,8,10
264,9,9
264,10,10
264,11,9
264,12,10
264,13,10
264,14,10
264,15,9
265,1,11
265,2,11
265,3,8
265,4,10
265,5,9
265,6,11
265,7,10
265,8,9
265,9,10
265,10,8
265,11,10
265,12,9
265,13,8
265,14,10
265,15,10
266,1,11
266,2,8
266,3,10
266,4,10
266,5,9
266,6,9
266,7,8
266,8,9
266,9,10
266,10,10
266,11,10
266,12,9
266,13,11
266,14,9
266,15,9
267,1,7
267,2,10
267,3,8
267,4,11
267,5,10
267,6,9
267,7,2
267,8,1
267,9,10
267,10,11
267,11,11
267,12,8
267,13,9
267,14,8
267,15,9
268,1,9
268,2,9
268,3,9
268,4,10
268,5,11
268,6,8
268,7,7
268,8,9
268,9,8
268,10,9
268,11,10
268,12,8
268,13,7
268,14,7
268,15,6
269,1,9
269,2,8
269,3,11
269,4,11
269,5,9
269,6,11
269,7,11
269,8,8
269,9,12
269,10,11
269,11,7
269,12,11
269,13,9
269,14,8
269,15,9
270,1,8
270,2,10
270,3,8
270,4,12
270,5,10
270,6,9
270,7,12
270,8,11
270,9,11
270,10,10
270,11,9
270,12,9
270,13,13
270,14,7
270,15,10
271,1,11
271,2,12
271,3,11
271,4,10
271,5,9
271,6,9
271,7,8
271,8,12
271,9,12
271,10,9
271,11,9
271,12,10
271,13,12
271,14,11
271,15,8
272,1,11
272,2,11
272,3,8
272,4,10
272,5,10
272,6,11
272,7,12
272,8,9
272,9,11
272,10,9
272,11,11
272,12,14
272,13,12
272,14,12
272,15,10
273,1,10
273,2,11
273,3,10
273,4,10
273,5,13
273,6,13
273,7,11
273,8,12
273,9,10
273,10,9
273,11,10
273,12,11
273,13,9
273,14,10
273,15,9
274,1,14
274,2,12
274,3,11
274,4,8
274,5,13
274,6,12
274,7,11
274,8,12
274,9,12
274,10,14
274,11,11
274,12,10
274,13,9
274,14,8
274,15,9
275,1,11
275,2,10
275,3,12
275,4,10
275,5,12
275,6,9
275,7,9
275,8,11
275,9,10
275,10,9
275,11,12
275,12,8
275,13,7
275,14,9
275,15,12
276,1,10
276,2,8
276,3,8
276,4,9
276,5,7
276,6,8
276,7,8
276,8,8
276,9,8
276,10,9
276,11,11
276,12,7
276,13,10
276,14,7
276,15,11
277,1,9
277,2,9
277,3,10
277,4,9
277,5,9
277,6,7
277,7,6
277,8,9
277,9,9
277,10,9
277,11,8
277,12,11
277,13,12
277,14,9
277,15,10
278,1,9
278,2,10
278,3,12
278,4,11
278,5,10
278,6,9
278,7,9
278,8,9
278,9,10
278,10,8
278,11,8
278,12,9
278,13,11
278,14,9
278,15,6
279,1,9
279,2,7
279,3,10
279,4,9
279,5,8
279,6,10
279,7,8
279,8,8
279,9,7
279,10,8
279,11,8
279,12,8
279,13,7
279,14,8
279,15,8
280,1,10
280,2,10
280,3,7
280,4,9
280,5,7
280,6,7
280,7,8
280,8,8
280,9,8
280,10,12
280,11,9
280,12,10
280,13,11
280,14,11
280,15,10
281,1,10
281,2,10
281,3,11
281,4,9
281,5,11
281,6,12
281,7,8
281,8,10
281,9,9
281,10,10
281,11,11
281,12,10
281,13,10
281,14,9
281,15,10
282,1,2
282,2,1
282,3,8
282,4,11
282,5,8
282,6,9
282,7,11
282,8,9
282,9,10
282,10,10
282,11,9
282,12,7
282,13,11
282,14,6
282,15,9
283,1,12
283,2,10
283,3,9
283,4,10
283,5,10
283,6,10
283,7,8
283,8,9
283,9,11
283,10,10
283,11,11
283,12,13
283,13,11
283,14,9
283,15,12
284,1,12
284,2,9
284,3,8
284,4,9
284,5,11
284,6,9
284,7,11
284,8,11
284,9,9
284,10,9
284,11,10
284,12,11
284,13,9
284,14,9
284,15,9
285,1,11
285,2,10
285,3,10
285,4,12
285,5,11
285,6,11
285,7,12
285,8,9
285,9,12
285,10,12
285,11,10
285,12,13
285,13,10
285,14,12
285,15,11
286,1,13
286,2,9
286,3,11
286,4,11
286,5,13
286,6,11
286,7,12
286,8,11
286,9,9
286,10,10
286,11,12
286,12,12
286,13,10
286,14,9
286,15,10
287,1,12
287,2,12
287,3,10
287,4,7
287,5,11
287,6,11
287,7,13
287,8,9
287,9,12
287,10,11
287,11,9
287,12,8
287,13,10
287,14,9
287,15,11
288,1,11
288,2,10
288,3,12
288,4,9
288,5,10
288,6,8
288,7,10
288,8,8
288,9,10
288,10,8
288,11,7
288,12,9
288,13,10
288,14,8
288,15,11
289,1,13
289,2,11
289,3,11
289,4,10
289,5,11
289,6,11
289,7,8
289,8,9
289,9,8
289,10,9
289,11,10
289,12,9
289,13,9
289,14,8
289,15,10
290,1,8
290,2,10
290,3,11
290,4,10
290,5,9
290,6,11
290,7,9
290,8,10
290,9,11
290,10,10
290,11,12
290,12,11
290,13,11
290,14,10
290,15,11
291,1,12
291,2,10
291,3,10
291,4,11
291,5,11
291,6,10
291,7,9
291,8,9
291,9,12
291,10,11
291,11,12
291,12,12
291,13,7
291,14,8
291,15,10
292,1,12
292,2,10
292,3,10
292,4,9
292,5,11
292,6,9
292,7,11
292,8,10
292,9,10
292,10,11
292,11,10
292,12,8
292,13,8
292,14,10
292,15,10
293,1,11
293,2,10
293,3,15
293,4,10
293,5,8
293,6,14
293,7,10
293,8,13
293,9,14
293,10,2
293,11,1
293,12,13
293,13,9
293,14,8
293,15,10
294,1,12
294,2,10
294,3,10
294,4,10
294,5,10
294,6,9
294,7,11
294,8,10
294,9,9
294,10,11
294,11,8
294,12,9
294,13,12
294,14,9
294,15,11
295,1,9
295,2,10
295,3,10
295,4,9
295,5,14
295,6,9
295,7,10
295,8,9
295,9,7
295,10,11
295,11,11
295,12,8
295,13,7
295,14,8
295,15,9
296,1,9
296,2,10
296,3,12
296,4,7
296,5,7
296,6,10
296,7,12
296,8,9
296,9,12
296,10,11
296,11,9
296,12,12
296,13,12
296,14,10
296,15,11
297,1,8
297,2,10
297,3,12
297,4,12
297,5,11
297,6,9
297,7,8
297,8,10
297,9,11
297,10,9
297,11,11
297,12,9
297,13,10
297,14,12
297,15,10
298,1,11
298,2,10
298,3,10
298,4,11
298,5,12
298,6,14
298,7,11
298,8,8
298,9,11
298,10,11
298,11,12
298,12,11
298,13,13
298,14,9
298,15,12
299,1,8
299,2,11
299,3,9
299,4,12
299,5,9
299,6,8
299,7,11
299,8,11
299,9,12
299,10,9
299,11,9
299,12,9
299,13,8
299,14,9
299,15,9
300,1,11
300,2,10
300,3,9
300,4,9
300,5,8
300,6,11
300,7,12
300,8,11
300,9,10
300,10,10
300,11,11
300,12,7
300,13,9
300,14,9
300,15,10
301,1,10
301,2,11
301,3,10
301,4,13
301,5,9
301,6,11
301,7,11
301,8,13
301,9,11
301,10,11
301,11,11
301,12,11
301,13,11
301,14,11
301,15,11
302,1,13
302,2,12
302,3,10
302,4,10
302,5,11
302,6,11
302,7,9
302,8,10
302,9,8
302,10,10
302,11,9
302,12,10
302,13,9
302,14,12
302,15,10
303,1,13
303,2,11
303,3,13
303,4,13
303,5,11
303,6,13
303,7,12
303,8,12
303,9,11
303,10,11
303,11,12
303,12,12
303,13,12
303,14,12
303,15,10
304,1,16
304,2,13
304,3,9
304,4,10
304,5,10
304,6,12
304,7,11
304,8,9
304,9,11
304,10,11
304,11,9
304,12,13
304,13,13
304,14,14
304,15,11
305,1,2
305,2,1
305,3,8
305,4,11
305,5,8
305,6,8
305,7,10
305,8,9
305,9,11
305,10,9
305,11,9
305,12,11
305,13,11
305,14,9
305,15,9
306,1,9
306,2,11
306,3,10
306,4,10
306,5,9
306,6,10
306,7,11
306,8,10
306,9,10
306,10,10
306,11,9
306,12,9
306,13,9
306,14,11
306,15,9
307,1,11
307,2,9
307,3,10
307,4,11
307,5,12
307,6,10
307,7,9
307,8,9
307,9,9
307,10,11
307,11,14
307,12,13
307,13,9
307,14,12
307,15,11
308,1,12
308,2,11
308,3,13
308,4,13
308,5,11
308,6,11
308,7,10
308,8,9
308,9,11
308,10,12
308,11,9
308,12,10
308,13,12
308,14,10
308,15,12
309,1,11
309,2,12
309,3,10
309,4,11
309,5,11
309,6,12
309,7,11
309,8,11
309,9,9
309,10,10
309,11,10
309,12,14
309,13,11
309,14,14
309,15,12
310,1,9
310,2,11
310,3,10
310,4,8
310,5,9
310,6,11
310,7,13
310,8,9
310,9,11
310,10,10
310,11,11
310,12,13
310,13,9
310,14,9
310,15,9
311,1,8
311,2,11
311,3,10
311,4,10
311,5,9
311,6,10
311,7,12
311,8,9
311,9,11
311,10,9
311,11,8
311,12,10
311,13,12
311,14,9
311,15,9
312,1,7
312,2,8
312,3,9
312,4,12
312,5,2
312,6,1
312,7,10
312,8,10
312,9,11
312,10,10
312,11,13
312,12,10
312,13,10
312,14,11
312,15,11
313,1,13
313,2,8
313,3,10
313,4,11
313,5,8
313,6,11
313,7,10
313,8,9
313,9,11
313,10,11
313,11,12
313,12,12
313,13,12
313,14,12
313,15,10
314,1,12
314,2,12
314,3,10
314,4,12
314,5,12
314,6,11
314,7,9
314,8,13
314,9,12
314,10,12
314,11,10
314,12,13
314,13,11
314,14,11
314,15,12
315,1,13
315,2,10
315,3,11
315,4,12
315,5,9
315,6,9
315,7,8
315,8,10
315,9,10
315,10,10
315,11,10
315,12,9
315,13,9
315,14,8
315,15,11
316,1,13
316,2,12
316,3,11
316,4,13
316,5,12
316,6,12
316,7,10
316,8,8
316,9,12
316,10,12
316,11,11
316,12,13
316,13,13
316,14,9
316,15,12
317,1,10
317,2,11
317,3,10
317,4,10
317,5,9
317,6,11
317,7,11
317,8,10
317,9,10
317,10,11
317,11,10
317,12,9
317,13,10
317,14,9
317,15,9
318,1,9
318,2,11
318,3,12
318,4,10
318,5,11
318,6,12
318,7,11
318,8,10
318,9,9
318,10,9
318,11,7
318,12,12
318,13,10
318,14,10
318,15,13
319,1,13
319,2,10
319,3,12
319,4,9
319,5,12
319,6,10
319,7,9
319,8,10
319,9,11
319,10,12
319,11,11
319,12,11
319,13,10
319,14,9
319,15,11
320,1,11
320,2,11
320,3,12
320,4,7
320,5,10
320,6,12
320,7,9
320,8,9
320,9,9
320,10,11
320,11,10
320,12,10
320,13,11
320,14,8
320,15,11
321,1,11
321,2,11
321,3,11
321,4,12
321,5,10
321,6,11
321,7,10
321,8,11
321,9,11
321,10,12
321,11,13
321,12,9
321,13,9
321,14,10
321,15,8
322,1,2
322,2,1
322,3,8
322,4,10
322,5,9
322,6,9
322,7,10
322,8,9
322,9,9
322,10,10
322,11,11
322,12,9
322,13,9
322,14,7
322,15,10
323,1,9
323,2,10
323,3,9
323,4,11
323,5,8
323,6,11
323,7,10
323,8,11
323,9,11
323,10,8
323,11,10
323,12,13
323,13,11
323,14,13
323,15,13
324,1,12
324,2,11
324,3,8
324,4,9
324,5,9
324,6,11
324,7,10
324,8,8
324,9,12
324,10,9
324,11,9
324,12,9
324,13,12
324,14,10
324,15,10
325,1,8
325,2,7
325,3,9
325,4,8
325,5,9
325,6,9
325,7,8
325,8,8
325,9,10
325,10,8
325,11,10
325,12,9
325,13,9
325,14,10
325,15,8
326,1,10
326,2,9
326,3,8
326,4,10
326,5,10
326,6,8
326,7,8
326,8,10
326,9,10
326,10,11
326,11,10
326,12,10
326,13,12
326,14,8
326,15,9
327,1,8
327,2,10
327,3,11
327,4,9
327,5,8
327,6,8
327,7,9
327,8,8
327,9,9
327,10,11
327,11,8
327,12,10
327,13,7
327,14,9
327,15,9
328,1,7
328,2,8
328,3,8
328,4,10
328,5,9
328,6,9
328,7,8
328,8,9
328,9,9
328,10,8
328,11,9
328,12,9
328,13,8
328,14,9
328,15,11
329,1,7
329,2,10
329,3,9
329,4,10
329,5,8
329,6,8
329,7,8
329,8,11
329,9,10
329,10,7
329,11,8
329,12,10
329,13,7
329,14,8
329,15,8
330,1,7
330,2,7
330,3,7
330,4,8
330,5,8
330,6,8
330,7,8
330,8,8
330,9,8
330,10,10
330,11,7
330,12,9
330,13,9
330,14,10
330,15,8
331,1,9
331,2,7
331,3,6
331,4,9
331,5,11
331,6,10
331,7,8
331,8,8
331,9,10
331,10,8
331,11,11
331,12,8
331,13,11
331,14,11
331,15,2
332,1,1
332,2,9
332,3,8
332,4,8
332,5,8
332,6,11
332,7,10
332,8,10
332,9,11
332,10,11
332,11,10
332,12,8
332,13,9
332,14,10
332,15,9
333,1,13
333,2,12
333,3,12
333,4,13
333,5,10
333,6,11
333,7,14
333,8,10
333,9,10
333,10,11
333,11,10
333,12,8
333,13,13
333,14,11
333,15,10
334,1,9
334,2,8
334,3,7
334,4,14
334,5,10
334,6,8
334,7,13
334,8,11
334,9,11
334,10,10
334,11,9
334,12,10
334,13,8
334,14,8
334,15,9
335,1,9
335,2,9
335,3,9
335,4,10
335,5,9
335,6,6
335,7,9
335,8,9
335,9,8
335,10,10
335,11,7
335,12,7
335,13,10
335,14,8
335,15,7
336,1,12
336,2,10
336,3,10
336,4,11
336,5,8
336,6,11
336,7,11
336,8,8
336,9,8
336,10,13
336,11,9
336,12,10
336,13,9
336,14,11
336,15,13
337,1,10
337,2,10
337,3,11
337,4,8
337,5,10
337,6,9
337,7,8
337,8,8
337,9,11
337,10,8
337,11,9
337,12,7
337,13,9
337,14,11
337,15,10
338,1,9
338,2,9
338,3,9
338,4,11
338,5,8
338,6,8
338,7,12
338,8,9
338,9,10
338,10,9
338,11,9
338,12,9
338,13,11
338,14,10
338,15,9
339,1,8
339,2,8
339,3,7
339,4,9
339,5,9
339,6,7
339,7,9
339,8,11
339,9,9
339,10,9
339,11,10
339,12,9
339,13,10
339,14,11
339,15,10
340,1,13
340,2,11
340,3,8
340,4,9
340,5,9
340,6,12
340,7,10
340,8,8
340,9,12
340,10,12
340,11,14
340,12,10
340,13,7
340,14,9
340,15,11
341,1,9
341,2,11
341,3,9
341,4,10
341,5,8
341,6,10
341,7,11
341,8,6
341,9,7
341,10,10
341,11,12
341,12,9
341,13,9
341,14,10
341,15,2
342,1,1
342,2,10
342,3,9
342,4,9
342,5,9
342,6,10
342,7,8
342,8,8
342,9,9
342,10,12
342,11,7
342,12,8
342,13,11
342,14,9
342,15,10
343,1,12
343,2,10
343,3,10
343,4,10
343,5,11
343,6,9
343,7,12
343,8,13
343,9,11
343,10,11
343,11,11
343,12,9
343,13,10
343,14,9
343,15,11
344,1,12
344,2,11
344,3,12
344,4,11
344,5,14
344,6,9
344,7,11
344,8,9
344,9,10
344,10,11
344,11,11
344,12,11
344,13,10
344,14,8
344,15,9
345,1,13
345,2,11
345,3,11
345,4,8
345,5,9
345,6,8
345,7,9
345,8,10
345,9,11
345,10,10
345,11,11
345,12,10
345,13,14
345,14,11
345,15,10
346,1,11
346,2,10
346,3,13
346,4,13
346,5,10
346,6,13
346,7,8
346,8,12
346,9,10
346,10,11
346,11,8
346,12,9
346,13,10
346,14,10
346,15,9
347,1,11
347,2,8
347,3,11
347,4,11
347,5,11
347,6,9
347,7,11
347,8,9
347,9,11
347,10,10
347,11,9
347,12,9
347,13,11
347,14,9
347,15,10
348,1,11
348,2,13
348,3,10
348,4,8
348,5,10
348,6,10
348,7,11
348,8,10
348,9,11
348,10,12
348,11,12
348,12,9
348,13,8
348,14,8
348,15,9
349,1,10
349,2,9
349,3,10
349,4,10
349,5,9
349,6,8
349,7,10
349,8,12
349,9,12
349,10,8
349,11,12
349,12,10
349,13,13
349,14,10
349,15,2
350,1,1
350,2,9
350,3,12
350,4,13
350,5,11
350,6,12
350,7,10
350,8,11
350,9,12
350,10,11
350,11,10
350,12,11
350,13,11
350,14,11
350,15,10
351,1,14
351,2,13
351,3,11
351,4,9
351,5,10
351,6,10
351,7,11
351,8,10
351,9,10
351,10,11
351,11,11
351,12,11
351,13,10
351,14,11
351,15,9
352,1,11
352,2,9
352,3,12
352,4,12
352,5,8
352,6,13
352,7,9
352,8,9
352,9,9
352,10,11
352,11,7
352,12,7
352,13,10
352,14,8
352,15,10
353,1,12
353,2,12
353,3,10
353,4,11
353,5,8
353,6,12
353,7,7
353,8,11
353,9,8
353,10,7
353,11,10
353,12,10
353,13,10
353,14,10
353,15,8
354,1,9
354,2,11
354,3,11
354,4,8
354,5,12
354,6,10
354,7,11
354,8,10
354,9,9
354,10,12
354,11,9
354,12,12
354,13,13
354,14,13
354,15,9
355,1,12
355,2,9
355,3,11
355,4,9
355,5,10
355,6,10
355,7,11
355,8,11
355,9,17
355,10,12
355,11,11
355,12,12
355,13,11
355,14,13
355,15,11
356,1,12
356,2,14
356,3,14
356,4,12
356,5,9
356,6,10
356,7,11
356,8,11
356,9,11
356,10,11
356,11,11
356,12,10
356,13,9
356,14,11
356,15,12
357,1,12
357,2,11
357,3,10
357,4,6
357,5,9
357,6,10
357,7,10
357,8,7
357,9,10
357,10,9
357,11,9
357,12,12
357,13,11
357,14,9
357,15,12
358,1,8
358,2,11
358,3,9
358,4,7
358,5,10
358,6,10
358,7,10
358,8,8
358,9,8
358,10,7
358,11,7
358,12,8
358,13,10
358,14,8
358,15,7
359,1,9
359,2,11
359,3,8
359,4,8
359,5,11
359,6,9
359,7,9
359,8,11
359,9,11
359,10,11
359,11,2
359,12,1
359,13,9
359,14,10
359,15,11
360,1,9
360,2,9
360,3,12
360,4,10
360,5,7
360,6,9
360,7,10
360,8,9
360,9,10
360,10,10
360,11,8
360,12,7
360,13,11
360,14,10
360,15,9
361,1,11
361,2,9
361,3,10
361,4,10
361,5,10
361,6,9
361,7,8
361,8,10
361,9,10
361,10,9
361,11,7
361,12,9
361,13,8
361,14,7
361,15,8
362,1,10
362,2,11
362,3,9
362,4,10
362,5,8
362,6,9
362,7,10
362,8,9
362,9,10
362,10,11
362,11,7
362,12,9
362,13,10
362,14,10
362,15,10
363,1,9
363,2,8
363,3,8
363,4,9
363,5,8
363,6,7
363,7,9
363,8,9
363,9,11
363,10,10
363,11,9
363,12,10
363,13,9
363,14,9
363,15,9
364,1,11
364,2,13
364,3,10
364,4,10
364,5,9
364,6,10
364,7,10
364,8,9
364,9,9
364,10,9
364,11,9
364,12,10
364,13,10
364,14,11
364,15,12
365,1,10
365,2,12
365,3,11
365,4,9
365,5,11
365,6,10
365,7,10
365,8,10
365,9,11
365,10,8
365,11,8
365,12,7
365,13,10
365,14,9
365,15,9
366,1,10
366,2,12
366,3,9
366,4,9
366,5,9
366,6,10
366,7,9
366,8,8
366,9,9
366,10,8
366,11,7
366,12,7
366,13,11
366,14,9
366,15,2
367,1,1
367,2,10
367,3,12
367,4,11
367,5,11
367,6,13
367,7,13
367,8,12
367,9,12
367,10,9
367,11,11
367,12,11
367,13,11
367,14,12
367,15,8
368,1,11
368,2,11
368,3,11
368,4,11
368,5,11
368,6,10
368,7,12
368,8,9
368,9,11
368,10,11
368,11,11
368,12,9
368,13,9
368,14,8
368,15,10
369,1,11
369,2,12
369,3,12
369,4,9
369,5,10
369,6,10
369,7,13
369,8,9
369,9,11
369,10,13
369,11,11
369,12,10
369,13,10
369,14,10
369,15,8
370,1,10
370,2,12
370,3,10
370,4,10
370,5,12
370,6,10
370,7,11
370,8,10
370,9,11
370,10,10
370,11,9
370,12,10
370,13,9
370,14,10
370,15,8
371,1,11
371,2,12
371,3,14
371,4,9
371,5,13
371,6,10
371,7,11
371,8,10
371,9,12
371,10,15
371,11,10
371,12,12
371,13,11
371,14,13
371,15,9
372,1,13
372,2,13
372,3,11
372,4,11
372,5,10
372,6,13
372,7,10
372,8,13
372,9,10
372,10,13
372,11,8
372,12,9
372,13,10
372,14,9
372,15,11
373,1,11
373,2,13
373,3,11
373,4,11
373,5,12
373,6,11
373,7,9
373,8,9
373,9,10
373,10,11
373,11,11
373,12,11
373,13,8
373,14,12
373,15,9
374,1,12
374,2,11
374,3,12
374,4,10
374,5,13
374,6,10
374,7,10
374,8,11
374,9,14
374,10,10
374,11,12
374,12,10
374,13,14
374,14,8
374,15,10
375,1,9
375,2,11
375,3,9
375,4,10
375,5,11
375,6,13
375,7,11
375,8,10
375,9,13
375,10,10
375,11,9
375,12,10
375,13,9
375,14,8
375,15,10
376,1,12
376,2,11
376,3,9
376,4,11
376,5,8
376,6,10
376,7,10
376,8,11
376,9,11
376,10,9
376,11,10
376,12,10
376,13,8
376,14,11
376,15,2
377,1,1
377,2,10
377,3,8
377,4,11
377,5,9
377,6,10
377,7,12
377,8,10
377,9,12
377,10,12
377,11,13
377,12,13
377,13,11
377,14,15
377,15,10
378,1,9
378,2,10
378,3,11
378,4,10
378,5,12
378,6,9
378,7,11
378,8,8
378,9,10
378,10,9
378,11,7
378,12,11
378,13,7
378,14,9
378,15,11
379,1,9
379,2,8
379,3,9
379,4,10
379,5,10
379,6,12
379,7,9
379,8,11
379,9,12
379,10,10
379,11,11
379,12,11
379,13,10
379,14,9
379,15,9
380,1,11
380,2,9
380,3,12
380,4,10
380,5,14
380,6,12
380,7,13
380,8,12
380,9,13
380,10,12
380,11,13
380,12,14
380,13,12
380,14,12
380,15,9
381,1,10
381,2,8
381,3,8
381,4,10
381,5,12
381,6,8
381,7,9
381,8,7
381,9,8
381,10,7
381,11,10
381,12,7
381,13,7
381,14,7
381,15,11
382,1,10
382,2,9
382,3,8
382,4,11
382,5,10
382,6,8
382,7,9
382,8,13
382,9,9
382,10,11
382,11,9
382,12,7
382,13,10
382,14,9
382,15,11
383,1,11
383,2,11
383,3,13
383,4,11
383,5,12
383,6,9
383,7,11
383,8,9
383,9,11
383,10,10
383,11,10
383,12,10
383,13,11
383,14,11
383,15,10
384,1,9
384,2,12
384,3,11
384,4,12
384,5,10
384,6,10
384,7,11
384,8,10
384,9,10
384,10,11
384,11,11
384,12,10
384,13,13
384,14,11
384,15,12
385,1,12
385,2,9
385,3,11
385,4,11
385,5,10
385,6,12
385,7,11
385,8,2
385,9,1
385,10,9
385,11,9
385,12,8
385,13,9
385,14,9
385,15,7
386,1,8
386,2,9
386,3,11
386,4,10
386,5,9
386,6,6
386,7,11
386,8,10
386,9,11
386,10,8
386,11,10
386,12,10
386,13,9
386,14,9
386,15,9
387,1,10
387,2,9
387,3,11
387,4,10
387,5,13
387,6,13
387,7,10
387,8,9
387,9,10
387,10,12
387,11,12
387,12,12
387,13,10
387,14,9
387,15,12
388,1,10
388,2,10
388,3,8
388,4,12
388,5,10
388,6,11
388,7,8
388,8,11
388,9,10
388,10,9
388,11,11
388,12,10
388,13,11
388,14,9
388,15,11
389,1,10
389,2,10
389,3,8
389,4,10
389,5,9
389,6,10
389,7,12
389,8,10
389,9,9
389,10,9
389,11,10
389,12,9
389,13,10
389,14,8
389,15,9
390,1,10
390,2,9
390,3,10
390,4,11
390,5,9
390,6,10
390,7,8
390,8,9
390,9,7
390,10,8
390,11,8
390,12,9
390,13,8
390,14,8
390,15,7
391,1,11
391,2,8
391,3,10
391,4,8
391,5,9
391,6,9
391,7,8
391,8,8
391,9,9
391,10,11
391,11,11
391,12,11
391,13,9
391,14,10
391,15,11
392,1,9
392,2,11
392,3,13
392,4,8
392,5,8
392,6,9
392,7,10
392,8,11
392,9,10
392,10,11
392,11,8
392,12,9
392,13,11
392,14,11
392,15,7
393,1,11
393,2,11
393,3,11
393,4,9
393,5,10
393,6,12
393,7,8
393,8,11
393,9,8
393,10,10
393,11,8
393,12,11
393,13,9
393,14,12
393,15,10
394,1,11
394,2,10
394,3,9
394,4,9
394,5,10
394,6,8
394,7,8
394,8,8
394,9,10
394,10,10
394,11,10
394,12,14
394,13,10
394,14,10
394,15,12
395,1,13
395,2,12
395,3,9
395,4,10
395,5,10
395,6,9
395,7,8
395,8,11
395,9,9
395,10,8
395,11,13
395,12,9
395,13,11
395,14,12
395,15,9
396,1,11
396,2,12
396,3,10
396,4,9
396,5,13
396,6,12
396,7,13
396,8,2
396,9,1
396,10,11
396,11,11
396,12,8
396,13,11
396,14,12
396,15,11
397,1,7
397,2,8
397,3,12
397,4,10
397,5,7
397,6,12
397,7,10
397,8,11
397,9,7
397,10,8
397,11,8
397,12,8
397,13,9
397,14,10
397,15,8
398,1,6
398,2,10
398,3,9
398,4,10
398,5,10
398,6,9
398,7,11
398,8,9
398,9,12
398,10,11
398,11,11
398,12,10
398,13,12
398,14,8
398,15,9
399,1,10
399,2,11
399,3,10
399,4,9
399,5,6
399,6,11
399,7,11
399,8,8
399,9,10
399,10,8
399,11,8
399,12,6
399,13,9
399,14,9
399,15,8
400,1,8
400,2,9
400,3,12
400,4,8
400,5,9
400,6,11
400,7,8
400,8,8
400,9,8
400,10,8
400,11,9
400,12,6
400,13,7
400,14,7
400,15,7
401,1,7
401,2,7
401,3,10
401,4,8
401,5,9
401,6,7
401,7,7
401,8,9
401,9,10
401,10,9
401,11,8
401,12,10
401,13,9
401,14,8
401,15,11
402,1,10
402,2,10
402,3,8
402,4,8
402,5,12
402,6,10
402,7,10
402,8,10
402,9,8
402,10,12
402,11,8
402,12,9
402,13,9
402,14,8
402,15,7
403,1,8
403,2,8
403,3,8
403,4,10
403,5,9
403,6,11
403,7,8
403,8,11
403,9,10
403,10,10
403,11,8
403,12,12
403,13,12
403,14,11
403,15,12
404,1,11
404,2,10
404,3,11
404,4,9
404,5,9
404,6,9
404,7,11
404,8,10
404,9,10
404,10,2
404,11,1
404,12,11
404,13,9
404,14,9
404,15,11
405,1,12
405,2,11
405,3,11
405,4,11
405,5,9
405,6,11
405,7,7
405,8,9
405,9,9
405,10,9
405,11,10
405,12,9
405,13,6
405,14,8
405,15,7
406,1,8
406,2,8
406,3,8
406,4,9
406,5,10
406,6,11
406,7,9
406,8,8
406,9,10
406,10,7
406,11,9
406,12,9
406,13,7
406,14,9
406,15,10
407,1,11
407,2,11
407,3,10
407,4,11
407,5,10
407,6,11
407,7,7
407,8,8
407,9,11
407,10,11
407,11,12
407,12,8
407,13,9
407,14,8
407,15,10
408,1,11
408,2,10
408,3,9
408,4,10
408,5,11
408,6,12
408,7,12
408,8,9
408,9,11
408,10,13
408,11,9
408,12,10
408,13,10
408,14,10
408,15,9
409,1,12
409,2,9
409,3,14
409,4,10
409,5,11
409,6,9
409,7,9
409,8,10
409,9,10
409,10,9
409,11,10
409,12,12
409,13,11
409,14,10
409,15,13
410,1,9
410,2,11
410,3,12
410,4,10
410,5,12
410,6,12
410,7,10
410,8,9
410,9,12
410,10,9
410,11,8
410,12,11
410,13,9
410,14,10
410,15,10
411,1,2
411,2,1
411,3,9
411,4,8
411,5,11
411,6,9
411,7,11
411,8,9
411,9,12
411,10,9
411,11,12
411,12,11
411,13,13
411,14,10
411,15,11
412,1,11
412,2,12
412,3,11
412,4,8
412,5,10
412,6,11
412,7,11
412,8,10
412,9,11
412,10,11
412,11,12
412,12,11
412,13,12
412,14,13
412,15,10
413,1,13
413,2,11
413,3,12
413,4,13
413,5,9
413,6,10
413,7,11
413,8,11
413,9,9
413,10,10
413,11,12
413,12,12
413,13,9
413,14,12
413,15,11
414,1,12
414,2,10
414,3,12
414,4,12
414,5,11
414,6,10
414,7,10
414,8,10
414,9,10
414,10,13
414,11,9
414,12,9
414,13,12
414,14,12
414,15,2
415,1,1
415,2,10
415,3,12
415,4,10
415,5,9
415,6,15
415,7,10
415,8,11
415,9,8
415,10,12
415,11,11
415,12,10
415,13,10
415,14,12
415,15,10
416,1,8
416,2,8
416,3,10
416,4,8
416,5,9
416,6,9
416,7,9
416,8,8
416,9,8
416,10,12
416,11,11
416,12,9
416,13,10
416,14,11
416,15,9
417,1,7
417,2,10
417,3,10
417,4,10
417,5,8
417,6,10
417,7,9
417,8,10
417,9,11
417,10,10
417,11,10
417,12,8
417,13,11
417,14,7
417,15,2
418,1,1
418,2,11
418,3,9
418,4,13
418,5,11
418,6,10
418,7,10
418,8,8
418,9,10
418,10,9
418,11,10
418,12,10
418,13,8
418,14,8
418,15,8
419,1,9
419,2,10
419,3,9
419,4,10
419,5,10
419,6,10
419,7,7
419,8,8
419,9,9
419,10,11
419,11,10
419,12,13
419,13,10
419,14,10
419,15,12
420,1,11
420,2,13
420,3,14
420,4,11
420,5,11
420,6,10
420,7,10
420,8,10
420,9,11
420,10,10
420,11,9
420,12,12
420,13,11
420,14,10
420,15,10
421,1,11
421,2,11
421,3,7
421,4,13
421,5,11
421,6,9
421,7,8
421,8,7
421,9,10
421,10,10
421,11,6
421,12,9
421,13,9
421,14,8
421,15,10
422,1,9
422,2,9
422,3,10
422,4,10
422,5,9
422,6,8
422,7,8
422,8,8
422,9,10
422,10,5
422,11,5
422,12,4
422,13,4
422,14,5
422,15,8
423,1,12
423,2,12
423,3,10
423,4,10
423,5,11
423,6,10
423,7,11
423,8,15
423,9,12
423,10,11
423,11,11
423,12,11
423,13,10
423,14,8
423,15,9
424,1,11
424,2,8
424,3,10
424,4,9
424,5,10
424,6,8
424,7,11
424,8,8
424,9,8
424,10,9
424,11,8
424,12,10
424,13,10
424,14,7
424,15,9
425,1,12
425,2,11
425,3,9
425,4,12
425,5,11
425,6,12
425,7,10
425,8,10
425,9,9
425,10,9
425,11,9
425,12,10
425,13,9
425,14,12
425,15,11
426,1,11
426,2,9
426,3,12
426,4,10
426,5,9
426,6,10
426,7,6
426,8,9
426,9,8
426,10,12
426,11,10
426,12,7
426,13,10
426,14,9
426,15,11
427,1,13
427,2,10
427,3,12
427,4,10
427,5,9
427,6,8
427,7,10
427,8,12
427,9,10
427,10,10
427,11,10
427,12,8
427,13,10
427,14,5
427,15,9
428,1,2
428,2,1
428,3,12
428,4,12
428,5,12
428,6,10
428,7,11
428,8,10
428,9,9
428,10,8
428,11,8
428,12,10
428,13,10
428,14,10
428,15,10
429,1,13
429,2,11
429,3,10
429,4,11
429,5,12
429,6,11
429,7,11
429,8,9
429,9,12
429,10,12
429,11,9
429,12,11
429,13,10
429,14,10
429,15,11
430,1,12
430,2,11
430,3,8
430,4,9
430,5,11
430,6,9
430,7,10
430,8,8
430,9,11
430,10,9
430,11,10
430,12,12
430,13,11
430,14,10
430,15,12
431,1,13
431,2,12
431,3,12
431,4,11
431,5,10
431,6,10
431,7,13
431,8,8
431,9,8
431,10,8
431,11,10
431,12,9
431,13,10
431,14,8
431,15,8
432,1,7
432,2,12
432,3,8
432,4,10
432,5,10
432,6,11
432,7,11
432,8,9
432,9,11
432,10,10
432,11,10
432,12,10
432,13,8
432,14,12
432,15,10
433,1,9
433,2,11
433,3,10
433,4,10
433,5,11
433,6,12
433,7,12
433,8,11
433,9,10
433,10,11
433,11,11
433,12,9
433,13,13
433,14,16
433,15,12
434,1,12
434,2,13
434,3,11
434,4,10
434,5,10
434,6,10
434,7,12
434,8,2
434,9,1
434,10,9
434,11,15
434,12,13
434,13,13
434,14,12
434,15,12
435,1,12
435,2,13
435,3,10
435,4,11
435,5,10
435,6,12
435,7,12
435,8,12
435,9,11
435,10,13
435,11,9
435,12,10
435,13,12
435,14,13
435,15,14
436,1,9
436,2,9
436,3,10
436,4,8
436,5,8
436,6,10
436,7,9
436,8,10
436,9,9
436,10,12
436,11,9
436,12,13
436,13,13
436,14,9
436,15,10
437,1,9
437,2,12
437,3,14
437,4,12
437,5,11
437,6,7
437,7,11
437,8,12
437,9,9
437,10,7
437,11,11
437,12,10
437,13,7
437,14,7
437,15,8
438,1,10
438,2,11
438,3,9
438,4,9
438,5,7
438,6,11
438,7,11
438,8,10
438,9,10
438,10,10
438,11,9
438,12,10
438,13,10
438,14,9
438,15,9
439,1,13
439,2,11
439,3,10
439,4,12
439,5,12
439,6,10
439,7,13
439,8,10
439,9,11
439,10,11
439,11,11
439,12,13
439,13,11
439,14,12
439,15,11
440,1,9
440,2,9
440,3,9
440,4,2
440,5,1
440,6,10
440,7,10
440,8,10
440,9,11
440,10,9
440,11,9
440,12,10
440,13,9
440,14,8
440,15,11
441,1,9
441,2,9
441,3,11
441,4,12
441,5,9
441,6,10
441,7,11
441,8,10
441,9,8
441,10,11
441,11,9
441,12,9
441,13,10
441,14,10
441,15,10
442,1,12
442,2,11
442,3,12
442,4,9
442,5,11
442,6,9
442,7,8
442,8,9
442,9,9
442,10,8
442,11,10
442,12,9
442,13,9
442,14,10
442,15,11
443,1,10
443,2,12
443,3,12
443,4,11
443,5,11
443,6,11
443,7,12
443,8,10
443,9,9
443,10,9
443,11,10
443,12,13
443,13,7
443,14,10
443,15,9
444,1,10
444,2,10
444,3,11
444,4,11
444,5,11
444,6,10
444,7,9
444,8,9
444,9,8
444,10,8
444,11,7
444,12,7
444,13,10
444,14,13
444,15,10
445,1,11
445,2,9
445,3,9
445,4,9
445,5,10
445,6,11
445,7,10
445,8,11
445,9,11
445,10,10
445,11,8
445,12,11
445,13,11
445,14,9
445,15,2
446,1,1
446,2,9
446,3,10
446,4,10
446,5,11
446,6,13
446,7,9
446,8,12
446,9,11
446,10,13
446,11,10
446,12,12
446,13,11
446,14,11
446,15,11
447,1,12
447,2,11
447,3,13
447,4,13
447,5,10
447,6,11
447,7,10
447,8,10
447,9,10
447,10,11
447,11,12
447,12,10
447,13,11
447,14,10
447,15,11
448,1,11
448,2,11
448,3,11
448,4,10
448,5,11
448,6,10
448,7,9
448,8,9
448,9,11
448,10,11
448,11,10
448,12,9
448,13,8
448,14,9
448,15,8
449,1,11
449,2,12
449,3,10
449,4,11
449,5,10
449,6,11
449,7,11
449,8,12
449,9,10
449,10,11
449,11,9
449,12,12
449,13,10
449,14,12
449,15,12
450,1,10
450,2,11
450,3,10
450,4,9
450,5,10
450,6,9
450,7,9
450,8,7
450,9,8
450,10,7
450,11,8
450,12,8
450,13,8
450,14,10
450,15,8
451,1,9
451,2,12
451,3,10
451,4,10
451,5,10
451,6,10
451,7,10
451,8,10
451,9,11
451,10,9
451,11,10
451,12,8
451,13,8
451,14,9
451,15,9
452,1,12
452,2,11
452,3,11
452,4,11
452,5,14
452,6,11
452,7,13
452,8,11
452,9,10
452,10,11
452,11,9
452,12,10
452,13,9
452,14,9
452,15,2
453,1,1
453,2,13
453,3,12
453,4,11
453,5,12
453,6,12
453,7,12
453,8,16
453,9,11
453,10,10
453,11,10
453,12,10
453,13,10
453,14,11
453,15,12
454,1,13
454,2,9
454,3,10
454,4,10
454,5,13
454,6,10
454,7,12
454,8,10
454,9,12
454,10,9
454,11,12
454,12,12
454,13,10
454,14,12
454,15,11
455,1,13
455,2,11
455,3,8
455,4,9
455,5,11
455,6,10
455,7,10
455,8,10
455,9,11
455,10,14
455,11,10
455,12,10
455,13,12
455,14,11
455,15,11
456,1,10
456,2,13
456,3,11
456,4,8
456,5,9
456,6,12
456,7,10
456,8,9
456,9,10
456,10,13
456,11,10
456,12,9
456,13,13
456,14,14
456,15,12
457,1,12
457,2,11
457,3,15
457,4,11
457,5,13
457,6,15
457,7,11
457,8,9
457,9,10
457,10,12
457,11,14
457,12,12
457,13,12
457,14,9
457,15,8
458,1,10
458,2,13
458,3,12
458,4,2
458,5,1
458,6,10
458,7,9
458,8,9
458,9,11
458,10,13
458,11,10
458,12,11
458,13,9
458,14,9
458,15,10
459,1,10
459,2,9
459,3,12
459,4,13
459,5,12
459,6,12
459,7,10
459,8,12
459,9,12
459,10,12
459,11,10
459,12,11
459,13,11
459,14,11
459,15,11
460,1,13
460,2,12
460,3,14
460,4,11
460,5,11
460,6,13
460,7,11
460,8,9
460,9,10
460,10,11
460,11,11
460,12,14
460,13,11
460,14,10
460,15,10
461,1,12
461,2,11
461,3,9
461,4,8
461,5,13
461,6,11
461,7,10
461,8,9
461,9,11
461,10,11
461,11,10
461,12,11
461,13,9
461,14,12
461,15,9
462,1,9
462,2,10
462,3,9
462,4,10
462,5,8
462,6,8
462,7,9
462,8,14
462,9,10
462,10,9
462,11,11
462,12,10
462,13,9
462,14,8
462,15,9
463,1,9
463,2,11
463,3,8
463,4,10
463,5,10
463,6,10
463,7,9
463,8,11
463,9,8
463,10,10
463,11,9
463,12,8
463,13,10
463,14,11
463,15,12
464,1,10
464,2,10
464,3,12
464,4,11
464,5,10
464,6,8
464,7,10
464,8,11
464,9,10
464,10,13
464,11,10
464,12,9
464,13,8
464,14,9
464,15,11
465,1,10
465,2,10
465,3,9
465,4,7
465,5,10
465,6,8
465,7,9
465,8,12
465,9,8
465,10,9
465,11,10
465,12,9
465,13,10
465,14,6
465,15,8
466,1,10
466,2,13
466,3,8
466,4,8
466,5,11
466,6,10
466,7,9
466,8,7
466,9,10
466,10,10
466,11,7
466,12,10
466,13,7
466,14,8
466,15,10
467,1,8
467,2,11
467,3,2
467,4,1
467,5,10
467,6,13
467,7,11
467,8,9
467,9,9
467,10,9
467,11,9
467,12,9
467,13,8
467,14,8
467,15,9
468,1,8
468,2,8
468,3,8
468,4,10
468,5,8
468,6,7
468,7,8
468,8,10
468,9,11
468,10,8
468,11,11
468,12,9
468,13,10
468,14,13
468,15,13
469,1,12
469,2,9
469,3,10
469,4,9
469,5,10
469,6,12
469,7,10
469,8,10
469,9,11
469,10,9
469,11,8
469,12,7
469,13,8
469,14,8
469,15,9
470,1,10
470,2,10
470,3,9
470,4,10
470,5,8
470,6,10
470,7,9
470,8,12
470,9,9
470,10,13
470,11,10
470,12,10
470,13,12
470,14,10
470,15,15
471,1,10
471,2,11
471,3,10
471,4,9
471,5,11
471,6,10
471,7,9
471,8,9
471,9,9
471,10,9
471,11,7
471,12,9
471,13,11
471,14,9
471,15,8
472,1,9
472,2,9
472,3,11
472,4,11
472,5,9
472,6,9
472,7,10
472,8,10
472,9,9
472,10,8
472,11,7
472,12,9
472,13,9
472,14,10
472,15,9
473,1,8
473,2,11
473,3,9
473,4,10
473,5,9
473,6,7
473,7,8
473,8,7
473,9,7
473,10,10
473,11,10
473,12,7
473,13,8
473,14,7
473,15,8
474,1,9
474,2,9
474,3,7
474,4,8
474,5,10
474,6,7
474,7,12
474,8,8
474,9,8
474,10,6
474,11,9
474,12,9
474,13,11
474,14,11
474,15,9
475,1,12
475,2,7
475,3,11
475,4,9
475,5,12
475,6,9
475,7,8
475,8,8
475,9,11
475,10,13
475,11,11
475,12,10
475,13,9
475,14,10
475,15,9
476,1,9
476,2,11
476,3,12
476,4,8
476,5,7
476,6,8
476,7,7
476,8,9
476,9,10
476,10,10
476,11,8
476,12,10
476,13,10
476,14,11
476,15,11
477,1,2
477,2,1
477,3,9
477,4,9
477,5,9
477,6,10
477,7,11
477,8,9
477,9,8
477,10,9
477,11,10
477,12,11
477,13,11
477,14,11
477,15,11
478,1,11
478,2,9
478,3,9
478,4,10
478,5,12
478,6,10
478,7,13
478,8,10
478,9,9
478,10,11
478,11,9
478,12,8
478,13,9
478,14,12
478,15,8
479,1,10
479,2,10
479,3,9
479,4,11
479,5,8
479,6,10
479,7,9
479,8,10
479,9,12
479,10,10
479,11,9
479,12,9
479,13,14
479,14,10
479,15,8
480,1,9
480,2,7
480,3,8
480,4,9
480,5,10
480,6,10
480,7,10
480,8,10
480,9,10
480,10,10
480,11,10
480,12,8
480,13,8
480,14,7
480,15,10
481,1,10
481,2,13
481,3,12
481,4,15
481,5,12
481,6,12
481,7,14
481,8,12
481,9,10
481,10,10
481,11,10
481,12,9
481,13,9
481,14,11
481,15,11
482,1,12
482,2,12
482,3,9
482,4,13
482,5,10
482,6,10
482,7,10
482,8,11
482,9,9
482,10,9
482,11,10
482,12,10
482,13,11
482,14,11
482,15,12
483,1,2
483,2,1
483,3,11
483,4,13
483,5,9
483,6,7
483,7,11
483,8,10
483,9,10
483,10,13
483,11,10
483,12,13
483,13,13
483,14,11
483,15,11
484,1,9
484,2,11
484,3,9
484,4,11
484,5,11
484,6,11
484,7,12
484,8,10
484,9,12
484,10,11
484,11,9
484,12,11
484,13,10
484,14,11
484,15,12
485,1,10
485,2,8
485,3,10
485,4,9
485,5,10
485,6,10
485,7,10
485,8,12
485,9,11
485,10,9
485,11,12
485,12,8
485,13,8
485,14,7
485,15,11
486,1,12
486,2,12
486,3,14
486,4,14
486,5,11
486,6,9
486,7,9
486,8,10
486,9,12
486,10,11
486,11,10
486,12,11
486,13,9
486,14,9
486,15,13
487,1,11
487,2,12
487,3,11
487,4,13
487,5,12
487,6,9
487,7,9
487,8,10
487,9,11
487,10,12
487,11,12
487,12,10
487,13,11
487,14,13
487,15,10
488,1,7
488,2,10
488,3,9
488,4,10
488,5,13
488,6,14
488,7,10
488,8,12
488,9,10
488,10,9
488,11,11
488,12,10
488,13,12
488,14,12
488,15,10
489,1,12
489,2,12
489,3,10
489,4,13
489,5,2
489,6,1
489,7,9
489,8,8
489,9,7
489,10,10
489,11,10
489,12,8
489,13,8
489,14,8
489,15,8
490,1,11
490,2,8
490,3,10
490,4,9
490,5,12
490,6,10
490,7,9
490,8,9
490,9,9
490,10,9
490,11,10
490,12,10
490,13,13
490,14,9
490,15,10
491,1,12
491,2,10
491,3,11
491,4,11
491,5,9
491,6,10
491,7,10
491,8,9
491,9,11
491,10,11
491,11,10
491,12,9
491,13,10
491,14,9
491,15,8
492,1,9
492,2,10
492,3,10
492,4,9
492,5,10
492,6,8
492,7,9
492,8,10
492,9,10
492,10,8
492,11,12
492,12,10
492,13,9
492,14,8
492,15,11
493,1,11
493,2,9
493,3,10
493,4,9
493,5,10
493,6,13
493,7,12
493,8,6
493,9,9
493,10,6
493,11,9
493,12,8
493,13,15
493,14,10
493,15,10
494,1,10
494,2,10
494,3,9
494,4,10
494,5,11
494,6,9
494,7,10
494,8,8
494,9,9
494,10,9
494,11,7
494,12,9
494,13,9
494,14,8
494,15,9
495,1,11
495,2,10
495,3,11
495,4,10
495,5,12
495,6,11
495,7,8
495,8,9
495,9,10
495,10,11
495,11,8
495,12,10
495,13,9
495,14,11
495,15,11
496,1,2
496,2,1
496,3,9
496,4,12
496,5,14
496,6,9
496,7,12
496,8,9
496,9,9
496,10,10
496,11,11
496,12,12
496,13,9
496,14,9
496,15,13
497,1,13
497,2,12
497,3,10
497,4,11
497,5,10
497,6,10
497,7,10
497,8,11
497,9,10
497,10,9
497,11,11
497,12,10
497,13,13
497,14,9
497,15,9
498,1,10
498,2,12
498,3,9
498,4,9
498,5,9
498,6,9
498,7,10
498,8,10
498,9,7
498,10,8
498,11,7
498,12,9
498,13,11
498,14,7
498,15,2
499,1,1
499,2,12
499,3,11
499,4,11
499,5,11
499,6,12
499,7,11
499,8,13
499,9,12
499,10,12
499,11,13
499,12,12
499,13,12
499,14,11
499,15,11
500,1,10
500,2,10
500,3,11
500,4,8
500,5,9
500,6,12
500,7,9
500,8,10
500,9,11
500,10,11
500,11,8
500,12,9
500,13,8
500,14,8
500,15,9
501,1,12
501,2,12
501,3,12
501,4,16
501,5,12
501,6,12
501,7,12
501,8,9
501,9,15
501,10,11
501,11,9
501,12,11
501,13,10
501,14,13
501,15,12
502,1,12
502,2,11
502,3,11
502,4,11
502,5,10
502,6,9
502,7,2
502,8,1
502,9,11
502,10,10
502,11,10
502,12,13
502,13,11
502,14,10
502,15,11
503,1,11
503,2,11
503,3,12
503,4,15
503,5,12
503,6,16
503,7,13
503,8,10
503,9,10
503,10,13
503,11,9
503,12,9
503,13,9
503,14,10
503,15,10
504,1,9
504,2,12
504,3,10
504,4,10
504,5,11
504,6,10
504,7,10
504,8,10
504,9,11
504,10,10
504,11,13
504,12,10
504,13,11
504,14,9
504,15,11
505,1,11
505,2,12
505,3,10
505,4,12
505,5,9
505,6,10
505,7,13
505,8,11
505,9,9
505,10,9
505,11,9
505,12,10
505,13,9
505,14,11
505,15,10
506,1,9
506,2,10
506,3,10
506,4,10
506,5,10
506,6,11
506,7,11
506,8,11
506,9,11
506,10,12
506,11,12
506,12,10
506,13,12
506,14,12
506,15,2
507,1,1
507,2,10
507,3,11
507,4,12
507,5,12
507,6,11
507,7,12
507,8,11
507,9,12
507,10,10
507,11,10
507,12,11
507,13,10
507,14,13
507,15,12
508,1,10
508,2,10
508,3,12
508,4,11
508,5,12
508,6,14
508,7,12
508,8,14
508,9,10
508,10,13
508,11,10
508,12,9
508,13,13
508,14,10
508,15,8
509,1,10
509,2,10
509,3,10
509,4,11
509,5,10
509,6,9
509,7,7
509,8,10
509,9,11
509,10,9
509,11,9
509,12,7
509,13,8
509,14,7
509,15,10
510,1,8
510,2,10
510,3,8
510,4,11
510,5,9
510,6,10
510,7,11
510,8,12
510,9,9
510,10,10
510,11,7
510,12,7
510,13,10
510,14,11
510,15,9
511,1,2
511,2,1
511,3,13
511,4,9
511,5,11
511,6,9
511,7,10
511,8,9
511,9,10
511,10,5
511,11,11
511,12,10
511,13,10
511,14,7
511,15,6
512,1,11
512,2,12
512,3,8
512,4,9
512,5,12
512,6,15
512,7,10
512,8,9
512,9,10
512,10,9
512,11,10
512,12,7
512,13,8
512,14,12
512,15,11
513,1,10
513,2,11
513,3,11
513,4,12
513,5,11
513,6,11
513,7,9
513,8,8
513,9,10
513,10,8
513,11,7
513,12,11
513,13,11
513,14,10
513,15,13
514,1,10
514,2,12
514,3,7
514,4,10
514,5,10
514,6,11
514,7,9
514,8,8
514,9,7
514,10,11
514,11,9
514,12,8
514,13,11
514,14,9
514,15,10
515,1,12
515,2,10
515,3,12
515,4,8
515,5,11
515,6,8
515,7,2
515,8,1
515,9,13
515,10,11
515,11,9
515,12,10
515,13,9
515,14,10
515,15,8
516,1,12
516,2,10
516,3,10
516,4,13
516,5,10
516,6,8
516,7,11
516,8,9
516,9,13
516,10,9
516,11,10
516,12,11
516,13,13
516,14,11
516,15,11
517,1,12
517,2,10
517,3,12
517,4,10
517,5,12
517,6,12
517,7,11
517,8,12
517,9,9
517,10,9
517,11,7
517,12,12
517,13,14
517,14,11
517,15,10
518,1,2
518,2,1
518,3,11
518,4,12
518,5,12
518,6,11
518,7,9
518,8,10
518,9,11
518,10,10
518,11,9
518,12,12
518,13,10
518,14,12
518,15,13
519,1,12
519,2,12
519,3,12
519,4,14
519,5,11
519,6,11
519,7,13
519,8,12
519,9,12
519,10,12
519,11,12
519,12,11
519,13,11
519,14,10
519,15,13
520,1,11
520,2,11
520,3,10
520,4,9
520,5,10
520,6,9
520,7,10
520,8,11
520,9,9
520,10,13
520,11,11
520,12,2
520,13,1
520,14,9
520,15,11
521,1,12
521,2,11
521,3,12
521,4,11
521,5,12
521,6,11
521,7,10
521,8,11
521,9,11
521,10,9
521,11,13
521,12,10
521,13,12
521,14,10
521,15,11
522,1,12
522,2,11
522,3,11
522,4,11
522,5,10
522,6,11
522,7,12
522,8,12
522,9,13
522,10,9
522,11,12
522,12,9
522,13,9
522,14,13
522,15,13
523,1,13
523,2,13
523,3,9
523,4,11
523,5,12
523,6,10
523,7,9
523,8,2
523,9,1
523,10,10
523,11,9
523,12,12
523,13,9
523,14,11
523,15,10
524,1,9
524,2,12
524,3,10
524,4,9
524,5,9
524,6,9
524,7,13
524,8,9
524,9,12
524,10,10
524,11,11
524,12,9
524,13,11
524,14,11
524,15,9
525,1,14
525,2,10
525,3,12
525,4,10
525,5,12
525,6,10
525,7,12
525,8,11
525,9,14
525,10,10
525,11,11
525,12,11
525,13,11
525,14,11
525,15,2
526,1,1
526,2,12
526,3,13
526,4,12
526,5,12
526,6,13
526,7,11
526,8,14
526,9,10
526,10,11
526,11,11
526,12,13
526,13,12
526,14,11
526,15,12
527,1,10
527,2,16
527,3,13
527,4,14
527,5,11
527,6,10
527,7,10
527,8,12
527,9,13
527,10,10
527,11,13
527,12,11
527,13,11
527,14,11
527,15,11
528,1,12
528,2,12
528,3,11
528,4,12
528,5,11
528,6,12
528,7,10
528,8,11
528,9,2
528,10,1
528,11,9
528,12,8
528,13,8
528,14,10
528,15,11
529,1,9
529,2,12
529,3,10
529,4,10
529,5,11
529,6,11
529,7,11
529,8,10
529,9,11
529,10,11
529,11,11
529,12,11
529,13,12
529,14,11
529,15,10
530,1,12
530,2,11
530,3,9
530,4,12
530,5,13
530,6,9
530,7,9
530,8,9
530,9,11
530,10,11
530,11,11
530,12,11
530,13,9
530,14,11
530,15,12
531,1,9
531,2,8
531,3,10
531,4,11
531,5,2
531,6,1
531,7,8
531,8,8
531,9,7
531,10,9
531,11,8
531,12,9
531,13,8
531,14,7
531,15,10
532,1,10
532,2,11
532,3,9
532,4,10
532,5,12
532,6,10
532,7,14
532,8,10
532,9,9
532,10,10
532,11,10
532,12,10
532,13,8
532,14,11
532,15,9
533,1,8
533,2,10
533,3,11
533,4,11
533,5,11
533,6,11
533,7,10
533,8,11
533,9,9
533,10,10
533,11,9
533,12,8
533,13,9
533,14,9
533,15,8
534,1,10
534,2,10
534,3,9
534,4,11
534,5,9
534,6,11
534,7,2
534,8,1
534,9,10
534,10,10
534,11,9
534,12,9
534,13,8
534,14,11
534,15,9
535,1,10
535,2,10
535,3,11
535,4,12
535,5,11
535,6,11
535,7,10
535,8,10
535,9,10
535,10,10
535,11,12
535,12,11
535,13,10
535,14,9
535,15,9
536,1,12
536,2,10
536,3,11
536,4,10
536,5,10
536,6,11
536,7,9
536,8,10
536,9,10
536,10,10
536,11,10
536,12,10
536,13,8
536,14,9
536,15,9
537,1,11
537,2,9
537,3,9
537,4,10
537,5,11
537,6,11
537,7,11
537,8,12
537,9,9
537,10,12
537,11,2
537,12,1
537,13,13
537,14,12
537,15,11
538,1,10
538,2,14
538,3,14
538,4,11
538,5,13
538,6,8
538,7,11
538,8,11
538,9,11
538,10,11
538,11,12
538,12,11
538,13,12
538,14,12
538,15,11
539,1,9
539,2,11
539,3,9
539,4,10
539,5,11
539,6,11
539,7,8
539,8,11
539,9,12
539,10,11
539,11,11
539,12,10
539,13,12
539,14,7
539,15,9
540,1,9
540,2,9
540,3,8
540,4,9
540,5,10
540,6,10
540,7,11
540,8,9
540,9,9
540,10,12
540,11,10
540,12,12
540,13,10
540,14,9
540,15,11
541,1,7
541,2,8
541,3,9
541,4,11
541,5,9
541,6,8
541,7,7
541,8,8
541,9,9
541,10,10
541,11,9
541,12,8
541,13,12
541,14,11
541,15,12
542,1,2
542,2,1
542,3,11
542,4,11
542,5,11
542,6,10
542,7,10
542,8,11
542,9,12
542,10,11
542,11,11
542,12,10
542,13,12
542,14,9
542,15,12
543,1,14
543,2,11
543,3,15
543,4,15
543,5,10
543,6,9
543,7,12
543,8,10
543,9,8
543,10,11
543,11,8
543,12,11
543,13,9
543,14,11
543,15,11
544,1,10
544,2,14
544,3,12
544,4,9
544,5,14
544,6,11
544,7,13
544,8,10
544,9,11
544,10,12
544,11,14
544,12,9
544,13,12
544,14,10
544,15,11
545,1,9
545,2,8
545,3,9
545,4,8
545,5,10
545,6,13
545,7,2
545,8,1
545,9,12
545,10,11
545,11,11
545,12,11
545,13,9
545,14,9
545,15,11
546,1,12
546,2,9
546,3,10
546,4,10
546,5,12
546,6,12
546,7,9
546,8,10
546,9,12
546,10,7
546,11,10
546,12,9
546,13,9
546,14,10
546,15,8
547,1,8
547,2,8
547,3,12
547,4,8
547,5,8
547,6,9
547,7,10
547,8,8
547,9,11
547,10,9
547,11,11
547,12,10
547,13,11
547,14,10
547,15,10
548,1,10
548,2,8
548,3,13
548,4,10
548,5,8
548,6,10
548,7,8
548,8,8
548,9,13
548,10,11
548,11,6
548,12,7
548,13,11
548,14,11
548,15,2
549,1,1
549,2,9
549,3,10
549,4,12
549,5,10
549,6,12
549,7,8
549,8,11
549,9,11
549,10,11
549,11,12
549,12,9
549,13,13
549,14,11
549,15,12
550,1,13
550,2,13
550,3,13
550,4,12
550,5,11
550,6,10
550,7,11
550,8,9
550,9,10
550,10,15
550,11,12
550,12,11
550,13,13
550,14,9
550,15,12
551,1,10
551,2,11
551,3,7
551,4,12
551,5,10
551,6,11
551,7,2
551,8,1
551,9,12
551,10,10
551,11,11
551,12,8
551,13,9
551,14,9
551,15,11
552,1,12
552,2,14
552,3,11
552,4,13
552,5,11
552,6,10
552,7,12
552,8,11
552,9,13
552,10,10
552,11,13
552,12,12
552,13,13
552,14,11
552,15,11
553,1,2
553,2,1
553,3,11
553,4,10
553,5,8
553,6,12
553,7,12
553,8,10
553,9,9
553,10,11
553,11,10
553,12,10
553,13,11
553,14,9
553,15,9
554,1,9
554,2,12
554,3,8
554,4,9
554,5,12
554,6,13
554,7,2
554,8,1
554,9,11
554,10,8
554,11,12
554,12,10
554,13,10
554,14,11
554,15,13
555,1,10
555,2,7
555,3,12
555,4,9
555,5,11
555,6,7
555,7,8
555,8,8
555,9,9
555,10,9
555,11,9
555,12,10
555,13,9
555,14,12
555,15,2
556,1,1
556,2,14
556,3,11
556,4,10
556,5,9
556,6,12
556,7,11
556,8,11
556,9,9
556,10,16
556,11,13
556,12,11
556,13,12
556,14,9
556,15,9
557,1,6
557,2,10
557,3,13
557,4,9
557,5,10
557,6,9
557,7,7
557,8,7
557,9,8
557,10,11
557,11,7
557,12,9
557,13,10
557,14,8
557,15,2
558,1,1
558,2,8
558,3,10
558,4,10
558,5,13
558,6,10
558,7,8
558,8,10
558,9,12
558,10,14
558,11,12
558,12,9
558,13,11
558,14,13
558,15,12
559,1,9
559,2,12
559,3,11
559,4,11
559,5,13
559,6,13
559,7,9
559,8,11
559,9,13
559,10,12
559,11,10
559,12,10
559,13,14
559,14,10
559,15,13
560,1,2
560,2,1
560,3,14
560,4,13
560,5,11
560,6,12
560,7,12
560,8,12
560,9,9
560,10,11
560,11,8
560,12,9
560,13,8
560,14,10
560,15,12
561,1,10
561,2,7
561,3,10
561,4,9
561,5,12
561,6,8
561,7,9
561,8,9
561,9,8
561,10,9
561,11,8
561,12,11
561,13,8
561,14,8
561,15,8
562,1,2
562,2,1
562,3,12
562,4,11
562,5,12
562,6,13
562,7,10
562,8,9
562,9,10
562,10,12
562,11,13
562,12,14
562,13,15
562,14,8
562,15,10
563,1,12
563,2,11
563,3,11
563,4,11
563,5,12
563,6,10
563,7,12
563,8,12
563,9,13
563,10,13
563,11,11
563,12,11
563,13,11
563,14,11
563,15,12
564,1,10
564,2,11
564,3,11
564,4,12
564,5,12
564,6,2
564,7,1
564,8,12
564,9,11
564,10,9
564,11,11
564,12,10
564,13,10
564,14,12
564,15,9
565,1,12
565,2,11
565,3,10
565,4,11
565,5,13
565,6,13
565,7,12
565,8,12
565,9,14
565,10,13
565,11,11
565,12,14
565,13,13
565,14,12
565,15,10
566,1,12
566,2,10
566,3,14
566,4,11
566,5,12
566,6,12
566,7,10
566,8,13
566,9,2
566,10,1
566,11,12
566,12,9
566,13,8
566,14,9
566,15,11
567,1,9
567,2,12
567,3,12
567,4,10
567,5,9
567,6,11
567,7,11
567,8,11
567,9,11
567,10,10
567,11,12
567,12,12
567,13,13
567,14,11
567,15,12
568,1,14
568,2,12
568,3,14
568,4,14
568,5,11
568,6,12
568,7,11
568,8,11
568,9,2
568,10,1
568,11,11
568,12,9
568,13,11
568,14,11
568,15,10
569,1,11
569,2,10
569,3,13
569,4,12
569,5,12
569,6,10
569,7,9
569,8,12
569,9,11
569,10,12
569,11,10
569,12,11
569,13,11
569,14,11
569,15,12
570,1,13
570,2,11
570,3,11
570,4,12
570,5,2
570,6,1
570,7,12
570,8,12
570,9,9
570,10,15
570,11,13
570,12,9
570,13,7
570,14,11
570,15,10
571,1,9
571,2,13
571,3,11
571,4,10
571,5,10
571,6,10
571,7,12
571,8,10
571,9,11
571,10,12
571,11,10
571,12,12
571,13,11
571,14,9
571,15,9
572,1,2
572,2,1
572,3,12
572,4,13
572,5,12
572,6,12
572,7,12
572,8,12
572,9,9
572,10,11
572,11,12
572,12,12
572,13,13
572,14,11
572,15,12
573,1,9
573,2,9
573,3,9
573,4,12
573,5,13
573,6,12
573,7,14
573,8,13
573,9,12
573,10,10
573,11,10
573,12,11
573,13,11
573,14,12
573,15,10
574,1,2
574,2,1
574,3,13
574,4,12
574,5,14
574,6,11
574,7,11
574,8,9
574,9,10
574,10,10
574,11,10
574,12,10
574,13,10
574,14,11
574,15,11
575,1,13
575,2,14
575,3,14
575,4,10
575,5,13
575,6,12
575,7,15
575,8,2
575,9,1
575,10,12
575,11,10
575,12,12
575,13,11
575,14,11
575,15,13
576,1,15
576,2,14
576,3,13
576,4,14
576,5,13
576,6,11
576,7,12
576,8,13
576,9,17
576,10,12
576,11,14
576,12,12
576,13,13
576,14,10
576,15,11
577,1,10
577,2,11
577,3,13
577,4,10
577,5,13
577,6,2
577,7,1
577,8,11
577,9,13
577,10,13
577,11,11
577,12,14
577,13,13
577,14,12
577,15,12
578,1,12
578,2,14
578,3,15
578,4,12
578,5,13
578,6,13
578,7,15
578,8,12
578,9,2
578,10,1
578,11,12
578,12,9
578,13,10
578,14,8
578,15,8
579,1,11
579,2,10
579,3,13
579,4,13
579,5,10
579,6,13
579,7,10
579,8,12
579,9,11
579,10,11
579,11,12
579,12,10
579,13,12
579,14,11
579,15,11
580,1,9
580,2,9
580,3,9
580,4,12
580,5,13
580,6,12
580,7,2
580,8,1
580,9,9
580,10,11
580,11,10
580,12,12
580,13,12
580,14,9
580,15,9
581,1,13
581,2,10
581,3,11
581,4,9
581,5,12
581,6,12
581,7,10
581,8,12
581,9,11
581,10,11
581,11,10
581,12,11
581,13,10
581,14,10
581,15,8
582,1,2
582,2,1
582,3,12
582,4,12
582,5,9
582,6,10
582,7,9
582,8,11
582,9,12
582,10,9
582,11,10
582,12,12
582,13,10
582,14,10
582,15,9
583,1,11
583,2,13
583,3,11
583,4,11
583,5,13
583,6,11
583,7,11
583,8,2
583,9,1
583,10,8
583,11,10
583,12,9
583,13,10
583,14,12
583,15,11
584,1,13
584,2,13
584,3,11
584,4,12
584,5,15
584,6,10
584,7,10
584,8,10
584,9,10
584,10,13
584,11,12
584,12,11
584,13,13
584,14,13
584,15,2
585,1,1
585,2,13
585,3,12
585,4,14
585,5,14
585,6,12
585,7,14
585,8,14
585,9,13
585,10,13
585,11,11
585,12,12
585,13,11
585,14,10
585,15,12
586,1,2
586,2,1
586,3,10
586,4,9
586,5,10
586,6,10
586,7,11
586,8,11
586,9,11
586,10,13
586,11,11
586,12,13
586,13,13
586,14,11
586,15,2
587,1,1
587,2,10
587,3,10
587,4,10
587,5,11
587,6,10
587,7,12
587,8,12
587,9,13
587,10,12
587,11,2
587,12,1
587,13,10
587,14,10
587,15,11
588,1,13
588,2,11
588,3,14
588,4,15
588,5,12
588,6,12
588,7,11
588,8,12
588,9,9
588,10,9
588,11,10
588,12,10
588,13,9
588,14,10
588,15,9
589,1,11
589,2,2
589,3,1
589,4,11
589,5,11
589,6,11
589,7,9
589,8,12
589,9,12
589,10,15
589,11,10
589,12,12
589,13,10
589,14,10
589,15,10
590,1,2
590,2,1
590,3,9
590,4,12
590,5,11
590,6,11
590,7,11
590,8,10
590,9,9
590,10,12
590,11,12
590,12,12
590,13,12
590,14,12
590,15,2
591,1,1
591,2,13
591,3,13
591,4,13
591,5,15
591,6,13
591,7,11
591,8,2
591,9,1
591,10,12
591,11,10
591,12,15
591,13,11
591,14,11
591,15,14
592,1,10
592,2,9
592,3,2
592,4,1
592,5,9
592,6,12
592,7,14
592,8,11
592,9,13
592,10,9
592,11,10
592,12,10
592,13,9
592,14,10
592,15,11
593,1,2
593,2,1
593,3,11
593,4,14
593,5,12
593,6,10
593,7,10
593,8,10
593,9,10
593,10,12
593,11,11
593,12,7
593,13,10
593,14,10
593,15,9
594,1,11
594,2,10
594,3,12
594,4,2
594,5,1
594,6,13
594,7,12
594,8,12
594,9,10
594,10,11
594,11,13
594,12,12
594,13,9
594,14,10
594,15,2
595,1,1
595,2,11
595,3,11
595,4,10
595,5,11
595,6,10
595,7,7
595,8,9
595,9,2
595,10,1
595,11,13
595,12,12
595,13,10
595,14,13
595,15,11
596,1,10
596,2,11
596,3,12
596,4,2
596,5,1
596,6,12
596,7,9
596,8,9
596,9,10
596,10,11
596,11,2
596,12,1
596,13,10
596,14,13
596,15,12
597,1,2
597,2,1
597,3,10
597,4,11
597,5,11
597,6,10
597,7,2
597,8,1
597,9,13
597,10,14
597,11,13
597,12,15
597,13,15
597,14,11
597,15,11
598,1,2
598,2,1
598,3,12
598,4,10
598,5,13
598,6,2
598,7,1
598,8,9
598,9,11
598,10,11
598,11,11
598,12,10
598,13,9
598,14,12
598,15,9
599,1,10
599,2,14
599,3,2
599,4,1
599,5,8
599,6,10
599,7,9
599,8,8
599,9,9
599,10,2
599,11,1
599,12,8
599,13,11
599,14,10
599,15,12
600,1,11
600,2,2
600,3,1
600,4,9
600,5,7
600,6,6
600,7,8
600,8,8
600,9,9
600,10,2
600,11,1
600,12,9
600,13,10
600,14,8
600,15,9
601,1,2
601,2,1
601,3,10
601,4,7
601,5,2
601,6,1
601,7,10
601,8,11
601,9,11
601,10,11
601,11,2
601,12,1
601,13,11
601,14,9
601,15,8
602,1,2
602,2,1
602,3,7
602,4,8
602,5,6
602,6,2
602,7,1
602,8,7
602,9,9
602,10,8
602,11,8
602,12,2
602,13,1
602,14,8
602,15,5
603,1,2
603,2,1
603,3,9
603,4,12
603,5,11
603,6,2
603,7,1
603,8,8
603,9,9
603,10,6
603,11,2
603,12,1
603,13,11
603,14,8
603,15,9
604,1,2
604,2,1
604,3,10
604,4,9
604,5,2
604,6,1
604,7,11
604,8,9
604,9,8
604,10,2
604,11,1
604,12,9
604,13,8
604,14,5
604,15,4
